sample,token_idx,token,context,true,pred,category
0,43,long,con ##gen ##ital long q ##t syndrome,B-DiseaseOrPhenotypicFeature,I-DiseaseOrPhenotypicFeature,boundary
0,59,rhythm,onset of the rhythm disturbance ##s is,O,B-DiseaseOrPhenotypicFeature,false_positive
0,60,disturbance,of the rhythm disturbance ##s is associated,O,I-DiseaseOrPhenotypicFeature,false_positive
0,80,f,newborn patient with f ##etal bra ##dy,O,B-DiseaseOrPhenotypicFeature,false_positive
0,82,bra,with f ##etal bra ##dy ##card ##ia,B-DiseaseOrPhenotypicFeature,I-DiseaseOrPhenotypicFeature,boundary
0,184,3,##q ##ts - 3 mutation was identified,O,I-DiseaseOrPhenotypicFeature,false_positive
0,209,cardiac,"1 . 5 cardiac sodium channel ,",O,I-GeneOrGeneProduct,false_positive
0,210,sodium,". 5 cardiac sodium channel , with",B-ChemicalEntity,I-GeneOrGeneProduct,wrong_type
0,211,channel,"5 cardiac sodium channel , with a",O,I-GeneOrGeneProduct,false_positive
0,228,a,", which changed a v ##ali ##ne",O,I-SequenceVariant,false_positive
1,34,op,primary target for op ##io ##id drugs,O,B-ChemicalEntity,false_positive
1,37,drugs,op ##io ##id drugs and p ##eptide,O,I-ChemicalEntity,false_positive
1,63,addiction,pain perception and addiction . genetic variants,O,B-DiseaseOrPhenotypicFeature,false_positive
1,105,substitution,"n ##40 ##d substitution , with an",O,I-SequenceVariant,false_positive
1,194,chin,##fect ##ion into chin ##ese ha ##ms,B-OrganismTaxon,O,false_negative
1,196,ha,into chin ##ese ha ##ms ##ter o,I-OrganismTaxon,I-CellLine,wrong_type
1,199,o,ha ##ms ##ter o ##vary cells of,O,I-CellLine,false_positive
1,218,ad,"##1 , carrying ad ##eno ##sin ##e",B-SequenceVariant,B-ChemicalEntity,wrong_type
1,223,g,"##sin ##e , g ##uan ##os ##ine",I-SequenceVariant,I-ChemicalEntity,wrong_type
1,228,c,"##os ##ine , c ##yt ##id ##ine",I-SequenceVariant,I-ChemicalEntity,wrong_type
1,234,thy,"##ine , and thy ##mi ##dine in",I-SequenceVariant,I-ChemicalEntity,wrong_type
1,389,disorder,to a complex disorder such as drug,O,I-DiseaseOrPhenotypicFeature,false_positive
2,60,childhood,heart failure after childhood cancer . background,O,B-DiseaseOrPhenotypicFeature,false_positive
2,61,cancer,failure after childhood cancer . background :,B-DiseaseOrPhenotypicFeature,I-DiseaseOrPhenotypicFeature,boundary
2,235,childhood,enrolled in the childhood cancer survivor study,O,B-DiseaseOrPhenotypicFeature,false_positive
2,236,cancer,in the childhood cancer survivor study who,O,I-DiseaseOrPhenotypicFeature,false_positive
3,47,beta,##ios ##ele ##ctive beta - block ##er,O,B-ChemicalEntity,false_positive
3,48,-,##ele ##ctive beta - block ##er met,O,I-GeneOrGeneProduct,false_positive
3,49,block,##ctive beta - block ##er met ##op,O,I-GeneOrGeneProduct,false_positive
4,24,de,##tion syndrome . de ##ox ##y ##gua,B-DiseaseOrPhenotypicFeature,B-GeneOrGeneProduct,wrong_type
4,30,kinase,##gua ##nos ##ine kinase ( d ##g,I-DiseaseOrPhenotypicFeature,I-GeneOrGeneProduct,wrong_type
4,31,(,##nos ##ine kinase ( d ##g ##k,I-DiseaseOrPhenotypicFeature,O,false_negative
4,32,d,##ine kinase ( d ##g ##k ),I-DiseaseOrPhenotypicFeature,B-GeneOrGeneProduct,wrong_type
4,51,he,associated with a he ##pa ##to ##cer,O,B-DiseaseOrPhenotypicFeature,false_positive
4,93,d,features of these d ##gu ##ok patients,B-GeneOrGeneProduct,B-DiseaseOrPhenotypicFeature,wrong_type
4,152,in,de ##ple ##tion in the liver .,O,I-DiseaseOrPhenotypicFeature,false_positive
4,153,the,##ple ##tion in the liver . brain,O,I-DiseaseOrPhenotypicFeature,false_positive
4,154,liver,##tion in the liver . brain m,O,I-DiseaseOrPhenotypicFeature,false_positive
4,162,d,are normal in d ##gu ##ok patients,B-GeneOrGeneProduct,B-DiseaseOrPhenotypicFeature,wrong_type
4,175,sub,", we found sub ##ten ##toria ##l",B-DiseaseOrPhenotypicFeature,O,false_negative
4,179,abnormal,##ten ##toria ##l abnormal my ##elin ##ation,I-DiseaseOrPhenotypicFeature,O,false_negative
4,180,my,##toria ##l abnormal my ##elin ##ation and,I-DiseaseOrPhenotypicFeature,O,false_negative
4,184,moderate,##elin ##ation and moderate h ##yper ##int,B-DiseaseOrPhenotypicFeature,O,false_negative
4,185,h,##ation and moderate h ##yper ##int ##ens,I-DiseaseOrPhenotypicFeature,O,false_negative
4,286,pu,unable to bind pu ##rine de ##ox,O,B-ChemicalEntity,false_positive
4,288,de,bind pu ##rine de ##ox ##yr ##ib,B-ChemicalEntity,I-ChemicalEntity,boundary
5,124,symptoms,au ##tist ##ic symptoms are increased in,I-DiseaseOrPhenotypicFeature,O,false_negative
5,142,22,", and large 22 ##q ##11 .",B-DiseaseOrPhenotypicFeature,O,false_negative
5,145,.,22 ##q ##11 . 2 del ##eti,I-DiseaseOrPhenotypicFeature,O,false_negative
5,146,2,##q ##11 . 2 del ##eti ##ons,I-DiseaseOrPhenotypicFeature,O,false_negative
5,147,del,##11 . 2 del ##eti ##ons and,I-DiseaseOrPhenotypicFeature,O,false_negative
5,203,disorder,association with the disorder was observed for,O,B-DiseaseOrPhenotypicFeature,false_positive
6,15,co,##zi ##lian patients co - infected with,B-DiseaseOrPhenotypicFeature,O,false_negative
6,16,-,##lian patients co - infected with hi,I-DiseaseOrPhenotypicFeature,O,false_negative
6,17,infected,patients co - infected with hi ##v,I-DiseaseOrPhenotypicFeature,O,false_negative
6,18,with,co - infected with hi ##v and,I-DiseaseOrPhenotypicFeature,O,false_negative
6,19,hi,- infected with hi ##v and he,I-DiseaseOrPhenotypicFeature,B-DiseaseOrPhenotypicFeature,boundary
6,21,and,with hi ##v and he ##pa ##titis,I-DiseaseOrPhenotypicFeature,O,false_negative
6,22,he,hi ##v and he ##pa ##titis b,I-DiseaseOrPhenotypicFeature,B-DiseaseOrPhenotypicFeature,boundary
6,63,co,group of patients co - infected with,B-DiseaseOrPhenotypicFeature,O,false_negative
6,64,-,of patients co - infected with hi,I-DiseaseOrPhenotypicFeature,O,false_negative
6,65,infected,patients co - infected with hi ##v,I-DiseaseOrPhenotypicFeature,O,false_negative
6,66,with,co - infected with hi ##v and,I-DiseaseOrPhenotypicFeature,O,false_negative
6,67,hi,- infected with hi ##v and he,I-DiseaseOrPhenotypicFeature,B-DiseaseOrPhenotypicFeature,boundary
6,69,and,with hi ##v and he ##pa ##titis,I-DiseaseOrPhenotypicFeature,O,false_negative
6,70,he,hi ##v and he ##pa ##titis b,I-DiseaseOrPhenotypicFeature,B-DiseaseOrPhenotypicFeature,boundary
6,76,h,b virus ( h ##b ##v ),B-OrganismTaxon,B-DiseaseOrPhenotypicFeature,wrong_type
6,92,hi,##7 patients with hi ##v was conducted,B-OrganismTaxon,B-DiseaseOrPhenotypicFeature,wrong_type
6,110,h,the load of h ##b ##v was,B-OrganismTaxon,B-DiseaseOrPhenotypicFeature,wrong_type
6,130,h,chain reaction . h ##b ##v g,B-OrganismTaxon,B-DiseaseOrPhenotypicFeature,wrong_type
6,158,pre,") , and pre ##core mutations were",B-GeneOrGeneProduct,O,false_negative
6,174,co,eight patients with co - infection were,O,B-DiseaseOrPhenotypicFeature,false_positive
6,176,infection,with co - infection were identified .,B-DiseaseOrPhenotypicFeature,I-DiseaseOrPhenotypicFeature,boundary
6,183,h,the distribution of h ##b ##v g,B-OrganismTaxon,B-DiseaseOrPhenotypicFeature,wrong_type
6,285,r,substitution ##s ( r ##tl ##18 ##0,O,B-SequenceVariant,false_positive
6,291,r,##0 ##m + r ##t ##m ##20,O,B-SequenceVariant,false_positive
6,320,r,and an accompanying r ##t ##v ##17,O,B-SequenceVariant,false_positive
6,338,polymer,with the triple polymer ##ase substitution pattern,B-GeneOrGeneProduct,O,false_negative
6,343,r,substitution pattern ( r ##t ##v ##17,O,B-SequenceVariant,false_positive
6,350,r,##3 ##l + r ##tl ##18 ##0,O,B-SequenceVariant,false_positive
6,356,r,##0 ##m + r ##t ##m ##20,O,B-SequenceVariant,false_positive
6,368,envelope,changes in the envelope gene ( se,B-GeneOrGeneProduct,O,false_negative
6,404,pre,and in the pre ##core region (,B-GeneOrGeneProduct,O,false_negative
6,453,h,changes in the h ##b ##v genome,B-OrganismTaxon,B-DiseaseOrPhenotypicFeature,wrong_type
7,311,calcium,located in the calcium binding e ##pid,B-ChemicalEntity,B-GeneOrGeneProduct,wrong_type
7,313,e,the calcium binding e ##pid ##er ##mal,B-GeneOrGeneProduct,I-GeneOrGeneProduct,boundary
7,319,-,##mal growth factor - like # 15,O,I-GeneOrGeneProduct,false_positive
7,320,like,growth factor - like # 15 domain,O,I-GeneOrGeneProduct,false_positive
7,321,#,factor - like # 15 domain is,O,I-GeneOrGeneProduct,false_positive
7,322,15,- like # 15 domain is highly,O,I-GeneOrGeneProduct,false_positive
8,23,du,region of the du ##chen ##ne muscular,B-GeneOrGeneProduct,B-DiseaseOrPhenotypicFeature,wrong_type
8,26,muscular,du ##chen ##ne muscular d ##ys ##tro,I-GeneOrGeneProduct,I-DiseaseOrPhenotypicFeature,wrong_type
8,27,d,##chen ##ne muscular d ##ys ##tro ##phy,I-GeneOrGeneProduct,I-DiseaseOrPhenotypicFeature,wrong_type
8,31,(,##ys ##tro ##phy ( d ##m ##d,I-GeneOrGeneProduct,O,false_negative
8,32,d,##tro ##phy ( d ##m ##d ),I-GeneOrGeneProduct,B-DiseaseOrPhenotypicFeature,wrong_type
8,35,),d ##m ##d ) gene . eighty,I-GeneOrGeneProduct,O,false_negative
8,36,gene,##m ##d ) gene . eighty unrelated,I-GeneOrGeneProduct,O,false_negative
8,86,d,region of the d ##m ##d lo,B-GeneOrGeneProduct,B-DiseaseOrPhenotypicFeature,wrong_type
8,187,p,"probe ##s , p ##20 ( d",O,B-GeneOrGeneProduct,false_positive
8,204,g,. ) and g ##m ##g ##x,O,B-GeneOrGeneProduct,false_positive
9,31,anti,", an effective anti ##psy ##cho ##tic",O,B-ChemicalEntity,false_positive
9,74,camp,disrupt ##ing the camp pathway and chronic,B-ChemicalEntity,O,false_negative
9,92,water,##1 ) and water channel ( a,O,B-GeneOrGeneProduct,false_positive
9,93,channel,) and water channel ( a ##q,O,I-GeneOrGeneProduct,false_positive
9,198,p,of treatment whereas p ##k ##ca k,B-GeneOrGeneProduct,O,false_negative
9,251,p,was unchanged in p ##k ##ca k,B-GeneOrGeneProduct,O,false_negative
9,296,p,output whereas treated p ##k ##ca k,B-GeneOrGeneProduct,O,false_negative
9,337,p,whereas in treated p ##k ##ca k,B-GeneOrGeneProduct,O,false_negative
9,391,p,##hium - fed p ##k ##ca k,B-GeneOrGeneProduct,O,false_negative
11,50,derivative,##rol ##ido ##ne derivative which at ##ten,O,I-ChemicalEntity,false_positive
11,62,learning,##amine - induced learning and post -,B-DiseaseOrPhenotypicFeature,O,false_negative
11,63,and,- induced learning and post - training,I-DiseaseOrPhenotypicFeature,O,false_negative
11,64,post,induced learning and post - training consolidation,I-DiseaseOrPhenotypicFeature,O,false_negative
11,65,-,learning and post - training consolidation deficit,I-DiseaseOrPhenotypicFeature,O,false_negative
11,66,training,and post - training consolidation deficit ##s,I-DiseaseOrPhenotypicFeature,O,false_negative
11,67,consolidation,post - training consolidation deficit ##s .,I-DiseaseOrPhenotypicFeature,O,false_negative
11,68,deficit,- training consolidation deficit ##s . given,I-DiseaseOrPhenotypicFeature,O,false_negative
11,123,ago,##mine ##rg ##ic ago ##nis ##m .,I-ChemicalEntity,O,false_negative
11,281,3,##lace either [ 3 ##h ] s,B-ChemicalEntity,O,false_negative
11,290,3,##90 or [ 3 ##h ] s,B-ChemicalEntity,O,false_negative
11,300,or,from d ##1 or d ##2 do,I-GeneOrGeneProduct,O,false_negative
12,16,post,##hi ##dine for post ##oper ##ative pain,B-DiseaseOrPhenotypicFeature,O,false_negative
12,19,pain,post ##oper ##ative pain control . a,I-DiseaseOrPhenotypicFeature,O,false_negative
12,40,patient,##dine via a patient - controlled anal,B-OrganismTaxon,O,false_negative
12,54,post,for management of post ##oper ##ative pain,B-DiseaseOrPhenotypicFeature,O,false_negative
12,57,pain,post ##oper ##ative pain control . twenty,I-DiseaseOrPhenotypicFeature,O,false_negative
12,74,limited,brief self - limited seizure . both,O,I-DiseaseOrPhenotypicFeature,false_positive
12,98,central,manifest ##ations of central nervous system ex,O,B-DiseaseOrPhenotypicFeature,false_positive
12,99,nervous,##ations of central nervous system ex ##citation,O,I-DiseaseOrPhenotypicFeature,false_positive
12,100,system,of central nervous system ex ##citation .,O,I-DiseaseOrPhenotypicFeature,false_positive
12,101,ex,central nervous system ex ##citation . no,O,I-DiseaseOrPhenotypicFeature,false_positive
12,109,c,risk factors for c ##ns toxicity were,O,B-ChemicalEntity,false_positive
12,111,toxicity,for c ##ns toxicity were identified .,B-DiseaseOrPhenotypicFeature,I-DiseaseOrPhenotypicFeature,boundary
12,158,post,for a brief post ##oper ##ative anal,B-DiseaseOrPhenotypicFeature,O,false_negative
12,161,anal,post ##oper ##ative anal ##ges ##ia should,I-DiseaseOrPhenotypicFeature,O,false_negative
13,27,transplant,##ediatric re ##nal transplant recipient - -,O,I-DiseaseOrPhenotypicFeature,false_positive
13,119,transplant,male re ##nal transplant recipient with right,O,I-DiseaseOrPhenotypicFeature,false_positive
14,172,c,the positively acting c ##le ##41 /,B-GeneOrGeneProduct,O,false_negative
14,325,hormone,##mon ##ic acid hormone signaling pathways which,O,I-ChemicalEntity,false_positive
14,354,plant,mechanisms in different plant stem cell niche,O,B-OrganismTaxon,false_positive
15,95,anti,which has also anti ##ox ##ida ##nt,B-ChemicalEntity,O,false_negative
15,248,super,##tion but decreased super ##oxide di ##sm,B-ChemicalEntity,B-GeneOrGeneProduct,wrong_type
15,250,di,decreased super ##oxide di ##sm ##uta ##se,I-ChemicalEntity,I-GeneOrGeneProduct,wrong_type
15,255,so,##uta ##se ( so ##d ) and,B-ChemicalEntity,B-GeneOrGeneProduct,wrong_type
15,289,na,u ##rina ##ry na ##g ex ##cre,B-GeneOrGeneProduct,B-ChemicalEntity,wrong_type
15,297,so,", and increased so ##d activity ,",B-ChemicalEntity,B-GeneOrGeneProduct,wrong_type
15,411,tub,the extent of tub ##ular damage .,O,B-DiseaseOrPhenotypicFeature,false_positive
15,413,damage,of tub ##ular damage . it is,O,I-DiseaseOrPhenotypicFeature,false_positive
15,423,tub,##xi ##da ##tive tub ##ular damage plays,O,B-DiseaseOrPhenotypicFeature,false_positive
15,425,damage,##tive tub ##ular damage plays an important,O,I-DiseaseOrPhenotypicFeature,false_positive
16,13,auto,in patients with auto ##so ##mal dominant,O,B-DiseaseOrPhenotypicFeature,false_positive
16,16,dominant,auto ##so ##mal dominant cone and cone,O,I-DiseaseOrPhenotypicFeature,false_positive
16,43,600,mi ##m # 600 ##36 ##4 ),O,I-ChemicalEntity,false_positive
16,52,auto,identified to cause auto ##so ##mal dominant,O,B-DiseaseOrPhenotypicFeature,false_positive
16,134,auto,geographical origin with auto ##so ##mal dominant,O,B-DiseaseOrPhenotypicFeature,false_positive
16,137,dominant,auto ##so ##mal dominant ##ly inherited cone,O,I-DiseaseOrPhenotypicFeature,false_positive
16,139,inherited,##mal dominant ##ly inherited cone d ##ys,O,I-DiseaseOrPhenotypicFeature,false_positive
17,8,tin,##ctive effect of tin ##cture of c,B-ChemicalEntity,O,false_negative
17,10,of,of tin ##cture of c ##rata ##eg,I-ChemicalEntity,O,false_negative
17,11,c,tin ##cture of c ##rata ##eg ##us,I-ChemicalEntity,B-ChemicalEntity,boundary
17,33,tin,in rats . tin ##cture of c,B-ChemicalEntity,O,false_negative
17,35,of,. tin ##cture of c ##rata ##eg,I-ChemicalEntity,O,false_negative
17,47,alcoholic,") , an alcoholic extract of the",B-ChemicalEntity,O,false_negative
17,48,extract,", an alcoholic extract of the berries",I-ChemicalEntity,O,false_negative
17,49,of,an alcoholic extract of the berries of,I-ChemicalEntity,O,false_negative
17,50,the,alcoholic extract of the berries of ha,I-ChemicalEntity,O,false_negative
17,51,berries,extract of the berries of ha ##wth,I-ChemicalEntity,O,false_negative
17,52,of,of the berries of ha ##wth ##orn,I-ChemicalEntity,O,false_negative
17,53,ha,the berries of ha ##wth ##orn (,I-ChemicalEntity,B-OrganismTaxon,wrong_type
17,57,c,##wth ##orn ( c ##rata ##eg ##us,B-ChemicalEntity,B-OrganismTaxon,wrong_type
17,264,damage,in preventing the damage induced by is,O,B-DiseaseOrPhenotypicFeature,false_positive
18,104,bilateral,##tens ##ion with bilateral p ##ap ##ille,B-DiseaseOrPhenotypicFeature,O,false_negative
18,105,p,##ion with bilateral p ##ap ##ille ##de,I-DiseaseOrPhenotypicFeature,B-DiseaseOrPhenotypicFeature,boundary
18,146,norm,early onset and norm ##oc ##al ##ci,O,B-DiseaseOrPhenotypicFeature,false_positive
18,223,transition,##yt ##os ##ine transition at the 5,O,I-SequenceVariant,false_positive
18,384,electro,", suggesting that electro ##ly ##te abnormal",B-DiseaseOrPhenotypicFeature,O,false_negative
18,387,abnormal,electro ##ly ##te abnormal ##ities and secondary,I-DiseaseOrPhenotypicFeature,O,false_negative
18,390,secondary,abnormal ##ities and secondary al ##dos ##tero,B-DiseaseOrPhenotypicFeature,O,false_negative
18,391,al,##ities and secondary al ##dos ##tero ##nis,I-DiseaseOrPhenotypicFeature,B-DiseaseOrPhenotypicFeature,boundary
18,449,f,independent segregation of f ##ami ##lial cavern,B-DiseaseOrPhenotypicFeature,O,false_negative
20,30,se,background : altered se ##rot ##one ##rg,O,B-ChemicalEntity,false_positive
20,69,(,##oni ##n 6 ( 5 - h,I-GeneOrGeneProduct,O,false_negative
20,70,5,##n 6 ( 5 - h ##t,I-GeneOrGeneProduct,B-GeneOrGeneProduct,boundary
20,124,5,of a selective 5 - h ##t,B-ChemicalEntity,B-GeneOrGeneProduct,wrong_type
20,125,-,a selective 5 - h ##t ##6,I-ChemicalEntity,I-GeneOrGeneProduct,wrong_type
20,126,h,selective 5 - h ##t ##6 receptor,I-ChemicalEntity,I-GeneOrGeneProduct,wrong_type
20,129,receptor,h ##t ##6 receptor antagonist . in,I-ChemicalEntity,I-GeneOrGeneProduct,wrong_type
20,130,antagonist,##t ##6 receptor antagonist . in addition,I-ChemicalEntity,O,false_negative
20,160,5,was restored by 5 - h ##t,B-ChemicalEntity,B-GeneOrGeneProduct,wrong_type
20,161,-,restored by 5 - h ##t ##6,I-ChemicalEntity,I-GeneOrGeneProduct,wrong_type
20,162,h,by 5 - h ##t ##6 receptor,I-ChemicalEntity,I-GeneOrGeneProduct,wrong_type
20,165,receptor,h ##t ##6 receptor antagonist in an,I-ChemicalEntity,I-GeneOrGeneProduct,wrong_type
20,166,antagonist,##t ##6 receptor antagonist in an animal,I-ChemicalEntity,O,false_negative
20,238,paranoid,to those of paranoid type s ##chi,B-DiseaseOrPhenotypicFeature,O,false_negative
20,239,type,those of paranoid type s ##chi ##zophrenia,I-DiseaseOrPhenotypicFeature,O,false_negative
20,240,s,of paranoid type s ##chi ##zophrenia .,I-DiseaseOrPhenotypicFeature,B-DiseaseOrPhenotypicFeature,boundary
20,379,dependence,##ham ##phe ##tamine dependence patients . results,O,I-DiseaseOrPhenotypicFeature,false_positive
21,123,ni,abolished by the ni ##cot ##iner ##gic,O,B-ChemicalEntity,false_positive
21,287,r,the presence of r ##s ##lu ##rp,B-GeneOrGeneProduct,B-ChemicalEntity,wrong_type
21,313,r,##ish ##able by r ##s ##lu ##rp,B-GeneOrGeneProduct,B-ChemicalEntity,wrong_type
21,359,he,##tat ##3 ( he ##t - 1,B-CellLine,B-GeneOrGeneProduct,wrong_type
21,361,-,( he ##t - 1 ##a only,I-CellLine,I-GeneOrGeneProduct,wrong_type
21,362,1,he ##t - 1 ##a only ),I-CellLine,I-GeneOrGeneProduct,wrong_type
21,386,he,##l ##2 ( he ##t - 1,B-CellLine,B-GeneOrGeneProduct,wrong_type
21,388,-,( he ##t - 1 ##a ),I-CellLine,I-GeneOrGeneProduct,wrong_type
21,389,1,he ##t - 1 ##a ) and,I-CellLine,I-GeneOrGeneProduct,wrong_type
21,408,he,##n ##f ( he ##t - 1,B-CellLine,B-GeneOrGeneProduct,wrong_type
21,410,-,( he ##t - 1 ##a ),I-CellLine,I-GeneOrGeneProduct,wrong_type
21,411,1,"he ##t - 1 ##a ) ,",I-CellLine,I-GeneOrGeneProduct,wrong_type
21,422,be,##sp ##8 ( be ##p ##2 ##d,B-CellLine,B-GeneOrGeneProduct,wrong_type
21,439,r,"part , by r ##s ##lu ##rp",B-GeneOrGeneProduct,B-ChemicalEntity,wrong_type
21,460,inter,gene encoding the inter ##cellular ad ##hesion,O,B-GeneOrGeneProduct,false_positive
21,462,ad,the inter ##cellular ad ##hesion molecule beta,O,I-GeneOrGeneProduct,false_positive
21,464,molecule,##cellular ad ##hesion molecule beta - cat,O,I-GeneOrGeneProduct,false_positive
21,471,be,##eni ##n ( be ##p ##2 ##d,B-CellLine,B-GeneOrGeneProduct,wrong_type
22,433,ma,and / or ma ##li ##gna ##ncy,B-DiseaseOrPhenotypicFeature,O,false_negative
22,442,est,only a few est ##rogen - induced,B-ChemicalEntity,B-GeneOrGeneProduct,wrong_type
23,211,35,##us for a 35 ##2 - k,B-SequenceVariant,O,false_negative
23,213,-,a 35 ##2 - k ##b del,I-SequenceVariant,O,false_negative
23,214,k,35 ##2 - k ##b del ##eti,I-SequenceVariant,O,false_negative
23,216,del,- k ##b del ##eti ##on involving,I-SequenceVariant,O,false_negative
23,225,and,##3 ##a ##2 and 4 con ##ti,I-GeneOrGeneProduct,O,false_negative
23,226,4,##a ##2 and 4 con ##ti ##guous,I-GeneOrGeneProduct,O,false_negative
23,264,de,##ls with uncommon de ##ter ##ior ##ation,O,B-DiseaseOrPhenotypicFeature,false_positive
23,270,motor,##ation in oral motor function and loss,O,I-DiseaseOrPhenotypicFeature,false_positive
23,271,function,in oral motor function and loss of,O,I-DiseaseOrPhenotypicFeature,false_positive
23,273,loss,motor function and loss of am ##bula,O,B-DiseaseOrPhenotypicFeature,false_positive
23,274,of,function and loss of am ##bula ##tion,O,I-DiseaseOrPhenotypicFeature,false_positive
23,275,am,and loss of am ##bula ##tion .,O,I-DiseaseOrPhenotypicFeature,false_positive
23,298,1,##e for a 1 . 44 -,B-SequenceVariant,O,false_negative
23,299,.,for a 1 . 44 - m,I-SequenceVariant,O,false_negative
23,300,44,a 1 . 44 - m ##b,I-SequenceVariant,O,false_negative
23,301,-,1 . 44 - m ##b con,I-SequenceVariant,O,false_negative
23,302,m,. 44 - m ##b con ##ti,I-SequenceVariant,O,false_negative
23,304,con,- m ##b con ##ti ##guous gene,I-SequenceVariant,O,false_negative
23,307,gene,con ##ti ##guous gene del ##eti ##on,I-SequenceVariant,O,false_negative
23,308,del,##ti ##guous gene del ##eti ##on and,I-SequenceVariant,O,false_negative
24,8,inflammation,"a induce ##s inflammation , proliferation and",O,B-DiseaseOrPhenotypicFeature,false_positive
24,38,acute,evolutionary highly conserved acute phase protein that,O,B-GeneOrGeneProduct,false_positive
24,39,phase,highly conserved acute phase protein that is,O,I-GeneOrGeneProduct,false_positive
24,40,protein,conserved acute phase protein that is predominantly,O,I-GeneOrGeneProduct,false_positive
24,60,and,in liver injury and fi ##bro ##genesis,I-DiseaseOrPhenotypicFeature,O,false_negative
24,61,fi,liver injury and fi ##bro ##genesis has,I-DiseaseOrPhenotypicFeature,B-DiseaseOrPhenotypicFeature,boundary
24,100,fi,", the main fi ##bro ##genic cell",O,B-DiseaseOrPhenotypicFeature,false_positive
24,211,c,##ppa ##b revealed c ##yt ##oto ##xi,B-DiseaseOrPhenotypicFeature,O,false_negative
24,324,bi,##4 treatment and bi ##le duct l,O,B-DiseaseOrPhenotypicFeature,false_positive
24,326,duct,and bi ##le duct l ##iga ##tion,O,I-DiseaseOrPhenotypicFeature,false_positive
24,327,l,"bi ##le duct l ##iga ##tion ,",O,I-DiseaseOrPhenotypicFeature,false_positive
24,358,fi,m ##od ##ulate fi ##bro ##genic responses,O,B-DiseaseOrPhenotypicFeature,false_positive
24,374,inflammation,"by in ##ducing inflammation , proliferation and",O,B-DiseaseOrPhenotypicFeature,false_positive
25,146,h,individuals with spontaneous h ##c ##v clearance,B-OrganismTaxon,B-DiseaseOrPhenotypicFeature,wrong_type
25,194,o,##ele - specific o ##li ##gon ##uc,B-ChemicalEntity,O,false_negative
25,256,g,h ##c ##v g ##eno ##type 1,I-DiseaseOrPhenotypicFeature,O,false_negative
25,259,1,g ##eno ##type 1 - infected patients,I-DiseaseOrPhenotypicFeature,O,false_negative
25,260,-,##eno ##type 1 - infected patients with,I-DiseaseOrPhenotypicFeature,O,false_negative
25,261,infected,##type 1 - infected patients with high,I-DiseaseOrPhenotypicFeature,B-DiseaseOrPhenotypicFeature,boundary
26,87,s,with risk of s ##poradic me ##lan,B-DiseaseOrPhenotypicFeature,O,false_negative
26,89,me,of s ##poradic me ##lan ##oma in,I-DiseaseOrPhenotypicFeature,B-DiseaseOrPhenotypicFeature,boundary
26,179,f,##na from 184 f ##ami ##lial me,B-DiseaseOrPhenotypicFeature,O,false_negative
26,182,me,f ##ami ##lial me ##lan ##oma cases,I-DiseaseOrPhenotypicFeature,B-DiseaseOrPhenotypicFeature,boundary
27,93,(,- ha ##rada ( v ##kh ),I-DiseaseOrPhenotypicFeature,O,false_negative
27,94,v,ha ##rada ( v ##kh ) syndrome,I-DiseaseOrPhenotypicFeature,B-DiseaseOrPhenotypicFeature,boundary
27,205,cat,"status , complicated cat ##ara ##ct status",B-DiseaseOrPhenotypicFeature,I-DiseaseOrPhenotypicFeature,boundary
27,397,cat,syndrome with complicated cat ##ara ##ct compared,B-DiseaseOrPhenotypicFeature,I-DiseaseOrPhenotypicFeature,boundary
28,38,para,"is characterized by para ##thy ##roid ,",O,B-DiseaseOrPhenotypicFeature,false_positive
28,41,",","para ##thy ##roid , enter ##op ##an",O,I-DiseaseOrPhenotypicFeature,false_positive
28,42,enter,"##thy ##roid , enter ##op ##an ##cre",B-DiseaseOrPhenotypicFeature,I-DiseaseOrPhenotypicFeature,boundary
28,76,men,2 families with men ##1 with novel,B-GeneOrGeneProduct,B-DiseaseOrPhenotypicFeature,wrong_type
28,163,e,a complaint of e ##pi ##gas ##tric,O,B-DiseaseOrPhenotypicFeature,false_positive
28,167,pain,##pi ##gas ##tric pain and water ##y,B-DiseaseOrPhenotypicFeature,I-DiseaseOrPhenotypicFeature,boundary
28,169,water,##tric pain and water ##y di ##ar,O,B-DiseaseOrPhenotypicFeature,false_positive
28,171,di,and water ##y di ##ar ##r ##hea,B-DiseaseOrPhenotypicFeature,I-DiseaseOrPhenotypicFeature,boundary
28,279,(,##don 55 ##7 ( a ##ag -,I-SequenceVariant,O,false_negative
28,280,a,55 ##7 ( a ##ag - -,I-SequenceVariant,B-SequenceVariant,boundary
28,286,),- > gag ) of ex ##on,I-SequenceVariant,O,false_negative
28,327,mutation,##zy ##go ##us mutation at co ##don,B-SequenceVariant,O,false_negative
28,328,at,##go ##us mutation at co ##don 41,I-SequenceVariant,O,false_negative
28,329,co,##us mutation at co ##don 41 ##8,I-SequenceVariant,O,false_negative
28,333,of,##don 41 ##8 of ex ##on 9,I-SequenceVariant,O,false_negative
28,334,ex,41 ##8 of ex ##on 9 (,I-SequenceVariant,O,false_negative
28,336,9,of ex ##on 9 ( g ##ac,I-SequenceVariant,O,false_negative
28,337,(,ex ##on 9 ( g ##ac -,I-SequenceVariant,O,false_negative
28,338,g,##on 9 ( g ##ac - -,I-SequenceVariant,B-SequenceVariant,boundary
28,345,),> ta ##t ) that results in,I-SequenceVariant,O,false_negative
29,24,h,carriers . the h ##h g ##eno,O,B-GeneOrGeneProduct,false_positive
30,5,meta,##gel ##in increases meta ##static potential of,O,B-DiseaseOrPhenotypicFeature,false_positive
30,126,meta,to changes in meta ##static potential in,O,B-DiseaseOrPhenotypicFeature,false_positive
30,171,meta,##ay of experimental meta ##sta ##sis .,O,B-DiseaseOrPhenotypicFeature,false_positive
30,341,c,##in or other c ##yt ##os ##kel,B-GeneOrGeneProduct,O,false_negative
30,346,proteins,##os ##kel ##etal proteins . changes included,I-GeneOrGeneProduct,O,false_negative
30,415,meta,higher expression promoting meta ##sta ##sis .,O,B-DiseaseOrPhenotypicFeature,false_positive
30,434,meta,##rna ##s for meta ##sta ##sis -,O,B-DiseaseOrPhenotypicFeature,false_positive
31,3,s,[CLS] association of s ##poradic ch ##ond,B-DiseaseOrPhenotypicFeature,O,false_negative
31,5,ch,of s ##poradic ch ##ond ##ro ##cal,I-DiseaseOrPhenotypicFeature,B-DiseaseOrPhenotypicFeature,boundary
31,13,-,##osis with a - 4 - base,B-SequenceVariant,O,false_negative
31,14,4,with a - 4 - base ##pair,I-SequenceVariant,O,false_negative
31,16,base,- 4 - base ##pair g -,I-SequenceVariant,O,false_negative
31,18,g,- base ##pair g - to -,I-SequenceVariant,B-SequenceVariant,boundary
31,102,auto,are linked to auto ##so ##mal -,B-DiseaseOrPhenotypicFeature,O,false_negative
31,105,-,auto ##so ##mal - dominant f ##ami,I-DiseaseOrPhenotypicFeature,O,false_negative
31,106,dominant,##so ##mal - dominant f ##ami ##lial,I-DiseaseOrPhenotypicFeature,O,false_negative
31,107,f,##mal - dominant f ##ami ##lial ch,I-DiseaseOrPhenotypicFeature,B-DiseaseOrPhenotypicFeature,boundary
31,233,s,. results : s ##poradic ch ##ond,B-DiseaseOrPhenotypicFeature,O,false_negative
31,235,ch,: s ##poradic ch ##ond ##ro ##cal,I-DiseaseOrPhenotypicFeature,B-DiseaseOrPhenotypicFeature,boundary
31,250,transition,to - a transition in the an,O,I-SequenceVariant,false_positive
31,322,-,) . this - 4 - b,O,B-SequenceVariant,false_positive
31,323,4,. this - 4 - b ##p,O,I-SequenceVariant,false_positive
31,324,-,this - 4 - b ##p transition,O,I-SequenceVariant,false_positive
31,325,b,"- 4 - b ##p transition ,",O,I-SequenceVariant,false_positive
31,337,f,previously linked with f ##ami ##lial and,B-DiseaseOrPhenotypicFeature,O,false_negative
31,340,and,f ##ami ##lial and s ##poradic ch,I-DiseaseOrPhenotypicFeature,O,false_negative
31,341,s,##ami ##lial and s ##poradic ch ##ond,I-DiseaseOrPhenotypicFeature,O,false_negative
31,343,ch,and s ##poradic ch ##ond ##ro ##cal,I-DiseaseOrPhenotypicFeature,B-DiseaseOrPhenotypicFeature,boundary
31,354,c,14 b ##p c - to -,I-SequenceVariant,B-SequenceVariant,boundary
31,363,gag,c - terminal gag del ##eti ##on,B-SequenceVariant,I-SequenceVariant,boundary
31,434,4,and the - 4 - b ##p,O,I-SequenceVariant,false_positive
31,435,-,the - 4 - b ##p an,O,I-SequenceVariant,false_positive
31,436,b,- 4 - b ##p an ##kh,O,I-SequenceVariant,false_positive
31,481,h,##ro ##cy ##te h ##yper ##tro ##phy,B-DiseaseOrPhenotypicFeature,O,false_negative
31,498,s,a subset of s ##poradic ch ##ond,B-DiseaseOrPhenotypicFeature,O,false_negative
31,500,ch,of s ##poradic ch ##ond ##ro ##cal,I-DiseaseOrPhenotypicFeature,B-DiseaseOrPhenotypicFeature,boundary
32,356,ne,##le patients with ne ##uro ##log ##ic,O,B-DiseaseOrPhenotypicFeature,false_positive
33,75,r,##ne response to r ##s ##v infection,B-DiseaseOrPhenotypicFeature,B-OrganismTaxon,wrong_type
33,78,infection,"r ##s ##v infection , the regulation",I-DiseaseOrPhenotypicFeature,O,false_negative
33,131,sa,##hel ##ial ( sa ##e ) cells,B-CellLine,O,false_negative
33,239,r,animals prior to r ##s ##v infection,B-DiseaseOrPhenotypicFeature,B-OrganismTaxon,wrong_type
33,242,infection,r ##s ##v infection . results and,I-DiseaseOrPhenotypicFeature,O,false_negative
33,248,r,and discussion : r ##s ##v -,B-DiseaseOrPhenotypicFeature,B-OrganismTaxon,wrong_type
33,251,-,r ##s ##v - infected a ##5,I-DiseaseOrPhenotypicFeature,O,false_negative
33,252,infected,##s ##v - infected a ##5 ##4,I-DiseaseOrPhenotypicFeature,O,false_negative
33,258,sa,##4 ##9 and sa ##e cells release,B-CellLine,O,false_negative
34,82,in,s ##wed ##ish in ##patient register a,B-OrganismTaxon,O,false_negative
35,76,and,##c ##1 ) and 2 ( p,O,I-GeneOrGeneProduct,false_positive
35,77,2,##1 ) and 2 ( p ##c,O,I-GeneOrGeneProduct,false_positive
35,90,inherited,the most commonly inherited re ##nal diseases,O,B-DiseaseOrPhenotypicFeature,false_positive
35,191,to,##yla ##lani ##ne to the polar h,I-SequenceVariant,O,false_negative
35,192,the,##lani ##ne to the polar h ##ydro,I-SequenceVariant,O,false_negative
35,193,polar,##ne to the polar h ##ydro ##phi,I-SequenceVariant,O,false_negative
35,194,h,to the polar h ##ydro ##phi ##lic,I-SequenceVariant,O,false_negative
35,202,in,##ys ##tein ##e in ex ##on 6,I-SequenceVariant,O,false_negative
35,203,ex,##tein ##e in ex ##on 6 at,I-SequenceVariant,O,false_negative
35,205,6,in ex ##on 6 at co ##don,I-SequenceVariant,O,false_negative
35,206,at,ex ##on 6 at co ##don 48,I-SequenceVariant,O,false_negative
35,207,co,##on 6 at co ##don 48 ##2,I-SequenceVariant,O,false_negative
35,246,-,##v ##s ##21 - 2d ##ela ##g,I-SequenceVariant,O,false_negative
35,247,2d,##s ##21 - 2d ##ela ##g .,I-SequenceVariant,O,false_negative
36,10,subunit,##sh - beta subunit gene underlying con,O,I-GeneOrGeneProduct,false_positive
36,31,t,neon ##ata ##l t ##sh screening .,B-GeneOrGeneProduct,O,false_negative
36,43,subunit,##sh - beta subunit defects and con,O,I-GeneOrGeneProduct,false_positive
36,44,defects,- beta subunit defects and con ##gen,O,I-DiseaseOrPhenotypicFeature,false_positive
36,58,t,are missed by t ##sh - based,B-GeneOrGeneProduct,O,false_negative
36,98,subunit,##sh - beta subunit gene found in,O,I-GeneOrGeneProduct,false_positive
36,137,n,g to a n ##uc ##leo ##tide,O,I-SequenceVariant,false_positive
36,141,change,##uc ##leo ##tide change at the 5,O,I-SequenceVariant,false_positive
36,324,and,pit ##uit ##ary and place ##ntal g,O,I-GeneOrGeneProduct,false_positive
36,325,place,##uit ##ary and place ##ntal g ##ly,O,I-GeneOrGeneProduct,false_positive
36,327,g,and place ##ntal g ##ly ##co ##p,B-GeneOrGeneProduct,I-GeneOrGeneProduct,boundary
36,406,isolated,for diagnosis of isolated pit ##uit ##ary,B-DiseaseOrPhenotypicFeature,O,false_negative
36,407,pit,diagnosis of isolated pit ##uit ##ary deficiency,I-DiseaseOrPhenotypicFeature,B-DiseaseOrPhenotypicFeature,boundary
37,64,nor,"##tina ##l diseases nor ##rie disease ,",I-DiseaseOrPhenotypicFeature,B-DiseaseOrPhenotypicFeature,boundary
37,433,pre,"birth ##weight , pre ##mat ##urity and",B-DiseaseOrPhenotypicFeature,O,false_negative
37,439,oxygen,and exposure to oxygen . in full,B-ChemicalEntity,O,false_negative
38,1,growth,[CLS] growth hormone dose in,B-GeneOrGeneProduct,B-ChemicalEntity,wrong_type
38,2,hormone,[CLS] growth hormone dose in growth,I-GeneOrGeneProduct,I-ChemicalEntity,wrong_type
38,10,adults,- def ##icient adults is not associated,O,B-OrganismTaxon,false_positive
38,43,-,##yt ##os ##ine - ad ##eni ##ne,O,I-SequenceVariant,false_positive
38,44,ad,##os ##ine - ad ##eni ##ne repeat,O,I-SequenceVariant,false_positive
38,94,growth,different response to growth hormone ( g,B-GeneOrGeneProduct,B-ChemicalEntity,wrong_type
38,95,hormone,response to growth hormone ( g ##h,I-GeneOrGeneProduct,I-ChemicalEntity,wrong_type
38,97,g,growth hormone ( g ##h ) treatment,B-GeneOrGeneProduct,B-ChemicalEntity,wrong_type
38,107,g,different individually required g ##h - doses,B-GeneOrGeneProduct,B-ChemicalEntity,wrong_type
38,144,g,associated with the g ##h - dose,B-GeneOrGeneProduct,B-ChemicalEntity,wrong_type
38,154,adults,- def ##icient adults . materials &,O,B-OrganismTaxon,false_positive
38,182,-,##yt ##os ##ine - ad ##eni ##ne,O,I-SequenceVariant,false_positive
38,183,ad,##os ##ine - ad ##eni ##ne repeat,O,I-SequenceVariant,false_positive
38,265,g,. patients received g ##h - treatment,B-GeneOrGeneProduct,B-ChemicalEntity,wrong_type
38,280,g,##it ##ration of g ##h and centralized,B-GeneOrGeneProduct,B-ChemicalEntity,wrong_type
38,291,g,1 measurements . g ##h - dose,B-GeneOrGeneProduct,B-ChemicalEntity,wrong_type
38,330,g,- 1 : g ##h ratio and,B-GeneOrGeneProduct,B-ChemicalEntity,wrong_type
38,395,g,associations with the g ##h - doses,B-GeneOrGeneProduct,B-ChemicalEntity,wrong_type
38,422,g,- 1 : g ##h ratio after,B-GeneOrGeneProduct,B-ChemicalEntity,wrong_type
38,467,g,ex ##ogen ##ous g ##h in g,B-GeneOrGeneProduct,B-ChemicalEntity,wrong_type
38,498,g,factors of the g ##h - i,B-GeneOrGeneProduct,B-ChemicalEntity,wrong_type
38,504,-,i ##g ##f - axis causing variable,O,I-GeneOrGeneProduct,false_positive
39,160,children,gene . eighteen children with d ##s,O,B-OrganismTaxon,false_positive
39,179,d,l be ##ck d ##s ##d database,B-DiseaseOrPhenotypicFeature,O,false_negative
39,248,du,controls : a du ##plication of g,B-SequenceVariant,O,false_negative
39,250,of,a du ##plication of g ##cc (,I-SequenceVariant,O,false_negative
39,251,g,du ##plication of g ##cc ( c,I-SequenceVariant,B-SequenceVariant,boundary
39,259,[,97 ##g ##cc [ 9 ] +,I-SequenceVariant,O,false_negative
39,260,9,##g ##cc [ 9 ] + [,I-SequenceVariant,O,false_negative
39,261,],##cc [ 9 ] + [ 10,I-SequenceVariant,O,false_negative
39,262,+,[ 9 ] + [ 10 ],I-SequenceVariant,O,false_negative
39,263,[,9 ] + [ 10 ] ),I-SequenceVariant,O,false_negative
39,264,10,] + [ 10 ] ) resulting,I-SequenceVariant,O,false_negative
39,265,],+ [ 10 ] ) resulting in,I-SequenceVariant,O,false_negative
39,437,disturbance,to the observed disturbance ##s in g,O,B-DiseaseOrPhenotypicFeature,false_positive
39,439,in,observed disturbance ##s in g ##eni ##tal,O,I-DiseaseOrPhenotypicFeature,false_positive
39,443,and,g ##eni ##tal and p ##ala ##te,O,I-DiseaseOrPhenotypicFeature,false_positive
39,444,p,##eni ##tal and p ##ala ##te development,O,I-DiseaseOrPhenotypicFeature,false_positive
40,58,mi,##ds ) ( mi ##m # 1300,B-DiseaseOrPhenotypicFeature,O,false_negative
40,60,#,( mi ##m # 1300 ##50 ),I-DiseaseOrPhenotypicFeature,O,false_negative
40,61,1300,mi ##m # 1300 ##50 ) is,I-DiseaseOrPhenotypicFeature,O,false_negative
40,369,g,"##25 ##5 : g > a ,",B-SequenceVariant,I-SequenceVariant,boundary
40,380,t,"##18 ##4 : t > c ,",B-SequenceVariant,I-SequenceVariant,boundary
41,26,ne,is ##che ##mic ne ##uron ##al injury,I-DiseaseOrPhenotypicFeature,B-DiseaseOrPhenotypicFeature,boundary
41,45,(,is ##che ##mic ( hi ) injury,I-DiseaseOrPhenotypicFeature,O,false_negative
41,46,hi,##che ##mic ( hi ) injury leading,I-DiseaseOrPhenotypicFeature,B-DiseaseOrPhenotypicFeature,boundary
41,47,),##mic ( hi ) injury leading to,I-DiseaseOrPhenotypicFeature,O,false_negative
41,89,long,##al protein of long - pen ##tra,O,B-GeneOrGeneProduct,false_positive
41,90,-,protein of long - pen ##tra ##xin,O,I-GeneOrGeneProduct,false_positive
41,91,pen,of long - pen ##tra ##xin family,O,I-GeneOrGeneProduct,false_positive
41,98,ne,", following hi ne ##uron ##al injury",I-DiseaseOrPhenotypicFeature,B-DiseaseOrPhenotypicFeature,boundary
41,119,ne,cause the hi ne ##uron ##al death,I-DiseaseOrPhenotypicFeature,B-DiseaseOrPhenotypicFeature,boundary
41,162,glucose,exposure to oxygen glucose de ##p ##ri,B-ChemicalEntity,I-ChemicalEntity,boundary
41,168,og,"##ri ##vation ( og ##d ) ,",O,B-ChemicalEntity,false_positive
41,189,brain,model of hi brain injury . our,I-DiseaseOrPhenotypicFeature,B-DiseaseOrPhenotypicFeature,boundary
41,228,ca,##po ##cam ##pal ca ##1 and ca,B-GeneOrGeneProduct,O,false_negative
41,231,ca,ca ##1 and ca ##3 regions at,B-GeneOrGeneProduct,O,false_negative
41,260,og,activity concurrent with og ##d time -,O,B-ChemicalEntity,false_positive
41,281,se,a ##kt ( se ##r ##47 ##3,B-SequenceVariant,O,false_negative
41,293,se,3 ##b ( se ##r ##9 ),B-SequenceVariant,O,false_negative
41,317,se,of bad ( se ##r ##13 ##6,B-SequenceVariant,O,false_negative
41,373,c,increased release of c ##yt c from,B-GeneOrGeneProduct,B-ChemicalEntity,wrong_type
41,375,c,of c ##yt c from mit ##och,I-GeneOrGeneProduct,I-ChemicalEntity,wrong_type
41,461,c,mitochondrial release of c ##yt ##och ##rome,B-GeneOrGeneProduct,B-ChemicalEntity,wrong_type
41,465,c,##yt ##och ##rome c ( c ##yt,I-GeneOrGeneProduct,I-ChemicalEntity,wrong_type
41,467,c,##rome c ( c ##yt c ),B-GeneOrGeneProduct,B-ChemicalEntity,wrong_type
41,469,c,( c ##yt c ) into the,I-GeneOrGeneProduct,I-ChemicalEntity,wrong_type
41,486,og,- 3 and og ##d time -,O,B-ChemicalEntity,false_positive
41,491,cell,time - dependent cell death in w,O,B-DiseaseOrPhenotypicFeature,false_positive
42,8,ne,##ctive effect of ne ##uro ##ser ##pin,B-GeneOrGeneProduct,B-ChemicalEntity,wrong_type
42,15,glucose,in oxygen - glucose de ##p ##ri,B-ChemicalEntity,I-ChemicalEntity,boundary
42,39,ne,##it ##ro . ne ##uro ##ser ##pin,B-GeneOrGeneProduct,B-ChemicalEntity,wrong_type
42,44,n,##ser ##pin ( n ##sp ) reportedly,B-GeneOrGeneProduct,B-ChemicalEntity,wrong_type
42,89,n,##ctive effects of n ##sp on as,B-GeneOrGeneProduct,B-ChemicalEntity,wrong_type
42,156,n,"##ctive effects of n ##sp , we",B-GeneOrGeneProduct,B-ChemicalEntity,wrong_type
42,167,la,"rate , relative la ##ct ##ate de",B-GeneOrGeneProduct,B-ChemicalEntity,wrong_type
42,170,de,la ##ct ##ate de ##hy ##dr ##ogen,I-GeneOrGeneProduct,I-ChemicalEntity,wrong_type
42,176,l,##ogen ##ase ( l ##dh ) release,B-GeneOrGeneProduct,B-ChemicalEntity,wrong_type
42,190,ho,"methods , namely ho ##ech ##st 333",O,B-ChemicalEntity,false_positive
42,193,333,ho ##ech ##st 333 ##42 stain ##ing,O,I-ChemicalEntity,false_positive
42,211,n,"potential mechanisms of n ##sp , the",B-GeneOrGeneProduct,B-ChemicalEntity,wrong_type
42,231,n,alpha related to n ##sp administration were,B-GeneOrGeneProduct,B-ChemicalEntity,wrong_type
42,328,n,the effects of n ##sp - induced,B-GeneOrGeneProduct,B-ChemicalEntity,wrong_type
42,341,n,we found that n ##sp significantly increased,B-GeneOrGeneProduct,B-ChemicalEntity,wrong_type
42,351,l,rate and reduced l ##dh release in,B-GeneOrGeneProduct,B-ChemicalEntity,wrong_type
42,388,p,protein levels of p - i ##k,O,B-GeneOrGeneProduct,false_positive
42,389,-,levels of p - i ##k ##k,O,I-GeneOrGeneProduct,false_positive
42,421,n,##hibit ##ed by n ##sp administration .,B-GeneOrGeneProduct,B-ChemicalEntity,wrong_type
42,426,n,administration . the n ##sp - induced,B-GeneOrGeneProduct,B-ChemicalEntity,wrong_type
42,494,n,were unchanged by n ##sp administration .,B-GeneOrGeneProduct,B-ChemicalEntity,wrong_type
42,510,n,##ctive effects of n [SEP],B-GeneOrGeneProduct,B-ChemicalEntity,wrong_type
43,85,and,are with inflammatory and metabolism ##s abnormal,O,I-DiseaseOrPhenotypicFeature,false_positive
43,86,metabolism,with inflammatory and metabolism ##s abnormal ##ities,B-DiseaseOrPhenotypicFeature,I-DiseaseOrPhenotypicFeature,boundary
43,104,-,il - 65 - 72 ##c /,B-SequenceVariant,I-SequenceVariant,boundary
43,452,h,in serum ( h ##s - c,O,B-GeneOrGeneProduct,false_positive
43,454,-,"( h ##s - c ##rp ,",O,I-GeneOrGeneProduct,false_positive
43,455,c,"h ##s - c ##rp , il",B-GeneOrGeneProduct,I-GeneOrGeneProduct,boundary
44,46,auto,is an uncommon auto ##so ##mal dominant,O,B-DiseaseOrPhenotypicFeature,false_positive
44,49,dominant,auto ##so ##mal dominant chronic k ##era,O,I-DiseaseOrPhenotypicFeature,false_positive
44,50,chronic,##so ##mal dominant chronic k ##era ##tin,O,B-DiseaseOrPhenotypicFeature,false_positive
44,51,k,##mal dominant chronic k ##era ##tin ##ization,B-DiseaseOrPhenotypicFeature,I-DiseaseOrPhenotypicFeature,boundary
44,61,k,by multiple superficial k ##era ##to ##tic,B-DiseaseOrPhenotypicFeature,O,false_negative
44,65,lesions,##era ##to ##tic lesions surrounded by a,I-DiseaseOrPhenotypicFeature,O,false_negative
45,121,leg,"##c ##l , leg type ( n",O,B-DiseaseOrPhenotypicFeature,false_positive
45,143,cancer,and treatment of cancer ( e ##ort,B-DiseaseOrPhenotypicFeature,I-DiseaseOrPhenotypicFeature,boundary
45,264,leg,"##c ##l , leg type , most",O,B-DiseaseOrPhenotypicFeature,false_positive
45,382,leg,"##c ##l , leg type , but",O,B-DiseaseOrPhenotypicFeature,false_positive
45,426,leg,"##c ##l , leg type , patient",O,B-DiseaseOrPhenotypicFeature,false_positive
45,471,leg,"##c ##l , leg type , patients",O,B-DiseaseOrPhenotypicFeature,false_positive
46,68,trauma,##s with minimal trauma . in ##tra,B-DiseaseOrPhenotypicFeature,O,false_negative
46,204,chain,i alpha 2 chain . these observations,O,I-GeneOrGeneProduct,false_positive
46,223,chain,i alpha 2 chain carry a high,O,I-GeneOrGeneProduct,false_positive
46,229,abnormal,high risk of abnormal limb development and,B-DiseaseOrPhenotypicFeature,O,false_negative
46,230,limb,risk of abnormal limb development and in,I-DiseaseOrPhenotypicFeature,O,false_negative
47,39,ha,##che ##mic and ha ##em ##or ##r,I-DiseaseOrPhenotypicFeature,B-DiseaseOrPhenotypicFeature,boundary
47,84,drug,cocaine use . drug - related g,O,B-ChemicalEntity,false_positive
48,32,fi,##no ##gen to fi ##bri ##n plays,B-GeneOrGeneProduct,O,false_negative
48,50,fi,##ilization of the fi ##bri ##n c,B-GeneOrGeneProduct,O,false_negative
48,262,cc,pad patients ( cc : 57 .,O,B-DiseaseOrPhenotypicFeature,false_positive
48,337,art,", diabetes , art ##erial h ##yper",O,B-DiseaseOrPhenotypicFeature,false_positive
48,339,h,", art ##erial h ##yper ##tens ##ion",B-DiseaseOrPhenotypicFeature,I-DiseaseOrPhenotypicFeature,boundary
48,422,th,conclude that the th ##rom ##bo ##phi,O,B-DiseaseOrPhenotypicFeature,false_positive
49,30,he,region of the he ##pa ##titis c,B-OrganismTaxon,B-DiseaseOrPhenotypicFeature,wrong_type
49,33,c,he ##pa ##titis c virus are de,I-OrganismTaxon,I-DiseaseOrPhenotypicFeature,wrong_type
49,95,p,the response to p ##eg ##yla ##ted,B-GeneOrGeneProduct,B-ChemicalEntity,wrong_type
49,99,inter,##eg ##yla ##ted inter ##fer ##on plus,I-GeneOrGeneProduct,I-ChemicalEntity,wrong_type
49,107,p,##avi ##rin ( p ##eg - if,B-GeneOrGeneProduct,B-ChemicalEntity,wrong_type
49,109,-,( p ##eg - if ##n /,I-GeneOrGeneProduct,I-ChemicalEntity,wrong_type
49,110,if,p ##eg - if ##n / r,I-GeneOrGeneProduct,I-ChemicalEntity,wrong_type
49,174,p,the efficacy of p ##eg - if,B-GeneOrGeneProduct,B-ChemicalEntity,wrong_type
49,176,-,of p ##eg - if ##n /,I-GeneOrGeneProduct,I-ChemicalEntity,wrong_type
49,177,if,p ##eg - if ##n / r,I-GeneOrGeneProduct,I-ChemicalEntity,wrong_type
49,193,g,h ##c ##v g ##eno ##type 1,I-DiseaseOrPhenotypicFeature,O,false_negative
49,227,p,the efficacy of p ##eg - if,B-GeneOrGeneProduct,B-ChemicalEntity,wrong_type
49,229,-,of p ##eg - if ##n /,I-GeneOrGeneProduct,I-ChemicalEntity,wrong_type
49,230,if,p ##eg - if ##n / r,I-GeneOrGeneProduct,I-ChemicalEntity,wrong_type
49,275,a,that both the a ##a 70 substitution,O,B-SequenceVariant,false_positive
49,277,70,the a ##a 70 substitution in the,O,I-SequenceVariant,false_positive
49,321,-,100 and low - density lip ##op,I-ChemicalEntity,I-GeneOrGeneProduct,wrong_type
49,323,lip,low - density lip ##op ##rote ##in,I-ChemicalEntity,I-GeneOrGeneProduct,wrong_type
49,327,(,##op ##rote ##in ( l ##dl ),I-ChemicalEntity,O,false_negative
49,328,l,##rote ##in ( l ##dl ) ch,I-ChemicalEntity,B-ChemicalEntity,boundary
49,330,),( l ##dl ) ch ##ole ##ster,I-ChemicalEntity,O,false_negative
49,483,inter,end ##ogen ##ous inter ##fer ##on response,O,B-ChemicalEntity,false_positive
49,488,h,##on response to h ##c ##v in,B-OrganismTaxon,B-DiseaseOrPhenotypicFeature,wrong_type
50,62,lip,##esi ##ze the lip ##id p ##hos,B-ChemicalEntity,O,false_negative
50,157,act,##na led to act ##in re ##mo,B-GeneOrGeneProduct,O,false_negative
50,410,invasion,suppress ##or of invasion . we propose,O,B-DiseaseOrPhenotypicFeature,false_positive
51,22,/,a ##p ##c / cc ##dh ##1,I-GeneOrGeneProduct,O,false_negative
51,23,cc,##p ##c / cc ##dh ##1 -,I-GeneOrGeneProduct,B-GeneOrGeneProduct,boundary
51,117,m,##en ##ph by m ##or ##ph ##olin,B-ChemicalEntity,O,false_negative
51,143,(,- promoting factor ( m ##pf ),O,I-GeneOrGeneProduct,false_positive
51,181,(,##c / c ( c ##dh ##1,O,I-GeneOrGeneProduct,false_positive
51,182,c,/ c ( c ##dh ##1 ),B-GeneOrGeneProduct,I-GeneOrGeneProduct,boundary
51,272,c,##p ##c / c ( c ##dh,I-GeneOrGeneProduct,B-GeneOrGeneProduct,boundary
51,273,(,##c / c ( c ##dh ##1,O,I-GeneOrGeneProduct,false_positive
51,274,c,/ c ( c ##dh ##1 ),B-GeneOrGeneProduct,I-GeneOrGeneProduct,boundary
52,19,dominant,auto ##so ##mal dominant con ##gen ##ital,I-DiseaseOrPhenotypicFeature,O,false_negative
52,20,con,##so ##mal dominant con ##gen ##ital nuclear,I-DiseaseOrPhenotypicFeature,B-DiseaseOrPhenotypicFeature,boundary
52,39,genetic,to identify the genetic defect leading to,B-DiseaseOrPhenotypicFeature,O,false_negative
52,40,defect,identify the genetic defect leading to the,I-DiseaseOrPhenotypicFeature,O,false_negative
52,103,cat,##sco ##py after cat ##ara ##ct extraction,B-DiseaseOrPhenotypicFeature,O,false_negative
52,168,nuclear,con ##gen ##ital nuclear la ##ct ##es,I-DiseaseOrPhenotypicFeature,B-DiseaseOrPhenotypicFeature,boundary
52,191,d,d ##na marker d ##17 ##s ##18,O,B-SequenceVariant,false_positive
52,234,3,in - frame 3 - b ##p,B-SequenceVariant,O,false_negative
52,235,-,- frame 3 - b ##p del,I-SequenceVariant,O,false_negative
52,236,b,frame 3 - b ##p del ##eti,I-SequenceVariant,O,false_negative
52,238,del,- b ##p del ##eti ##on in,I-SequenceVariant,O,false_negative
52,332,auto,associated with an auto ##so ##mal dominant,B-DiseaseOrPhenotypicFeature,O,false_negative
52,335,dominant,auto ##so ##mal dominant con ##gen ##ital,I-DiseaseOrPhenotypicFeature,O,false_negative
52,336,con,##so ##mal dominant con ##gen ##ital nuclear,I-DiseaseOrPhenotypicFeature,B-DiseaseOrPhenotypicFeature,boundary
52,354,i,##lice mutation ( i ##v ##s ##3,B-SequenceVariant,B-GeneOrGeneProduct,wrong_type
52,379,su,##ara ##ct with su ##tura ##l op,O,B-DiseaseOrPhenotypicFeature,false_positive
52,382,op,su ##tura ##l op ##ac ##ities .,O,I-DiseaseOrPhenotypicFeature,false_positive
53,17,auto,##a - 2 auto ##anti ##bo ##dies,O,I-DiseaseOrPhenotypicFeature,false_positive
53,108,co,##c acid in co ##don 41 ##6,I-SequenceVariant,O,false_negative
53,299,as,frequencies of the as ##p / g,O,B-SequenceVariant,false_positive
53,305,g,g ##lu and g ##lu / g,O,B-SequenceVariant,false_positive
53,342,g,d ##b ##p g ##lu - containing,O,B-SequenceVariant,false_positive
55,21,p,c patient during p ##eg ##yla ##ted,B-GeneOrGeneProduct,B-ChemicalEntity,wrong_type
55,25,inter,##eg ##yla ##ted inter ##fer ##on alpha,I-GeneOrGeneProduct,I-ChemicalEntity,wrong_type
55,28,alpha,inter ##fer ##on alpha - 2 ##b,I-GeneOrGeneProduct,I-ChemicalEntity,wrong_type
55,29,-,##fer ##on alpha - 2 ##b and,I-GeneOrGeneProduct,I-ChemicalEntity,wrong_type
55,30,2,##on alpha - 2 ##b and rib,I-GeneOrGeneProduct,I-ChemicalEntity,wrong_type
55,48,inter,c patients with inter ##fer ##on and,B-GeneOrGeneProduct,B-ChemicalEntity,wrong_type
55,104,inter,##tosis occurring during inter ##fer ##on therapy,B-GeneOrGeneProduct,B-ChemicalEntity,wrong_type
55,136,p,during treatment with p ##eg ##yla ##ted,B-GeneOrGeneProduct,B-ChemicalEntity,wrong_type
55,140,inter,##eg ##yla ##ted inter ##fer ##on alpha,I-GeneOrGeneProduct,I-ChemicalEntity,wrong_type
55,143,alpha,inter ##fer ##on alpha - 2 ##b,I-GeneOrGeneProduct,I-ChemicalEntity,wrong_type
55,144,-,##fer ##on alpha - 2 ##b weekly,I-GeneOrGeneProduct,I-ChemicalEntity,wrong_type
55,145,2,##on alpha - 2 ##b weekly and,I-GeneOrGeneProduct,I-ChemicalEntity,wrong_type
55,157,parasite,complained of seeing parasite ##s and the,O,B-DiseaseOrPhenotypicFeature,false_positive
55,186,p,disappeared after stopping p ##eg ##yla ##ted,B-GeneOrGeneProduct,B-ChemicalEntity,wrong_type
55,190,inter,##eg ##yla ##ted inter ##fer ##on alpha,I-GeneOrGeneProduct,I-ChemicalEntity,wrong_type
55,193,alpha,inter ##fer ##on alpha - 2 ##b,I-GeneOrGeneProduct,I-ChemicalEntity,wrong_type
55,194,-,##fer ##on alpha - 2 ##b and,I-GeneOrGeneProduct,I-ChemicalEntity,wrong_type
55,195,2,##on alpha - 2 ##b and reappeared,I-GeneOrGeneProduct,I-ChemicalEntity,wrong_type
56,3,trap,[CLS] protein - trap insertion ##al m,B-GeneOrGeneProduct,O,false_negative
56,124,z,re ##rio ( z ##eb ##ra ##fish,B-OrganismTaxon,O,false_negative
56,306,/,er ##bb ##2 / 3 - a,I-GeneOrGeneProduct,O,false_negative
56,450,e,##down of the e ##pit ##hel ##ial,O,B-GeneOrGeneProduct,false_positive
57,62,web,disorders characterized by web ##bing ( p,O,B-DiseaseOrPhenotypicFeature,false_positive
57,65,p,web ##bing ( p ##tery ##gia ),O,B-DiseaseOrPhenotypicFeature,false_positive
57,69,of,"##tery ##gia ) of the neck ,",O,I-DiseaseOrPhenotypicFeature,false_positive
57,70,the,"##gia ) of the neck , elbows",O,I-DiseaseOrPhenotypicFeature,false_positive
57,71,neck,") of the neck , elbows ,",O,I-DiseaseOrPhenotypicFeature,false_positive
57,142,ace,##b ##ryo ##nal ace ##ty ##l ##cho,I-GeneOrGeneProduct,B-GeneOrGeneProduct,boundary
57,169,p,thus demonstrating that p ##tery ##gia resulted,O,B-DiseaseOrPhenotypicFeature,false_positive
57,189,ace,that mutations in ace ##ty ##l ##cho,O,B-GeneOrGeneProduct,false_positive
57,194,receptor,##l ##cho ##line receptor - related genes,O,I-GeneOrGeneProduct,false_positive
57,195,-,##cho ##line receptor - related genes might,O,I-GeneOrGeneProduct,false_positive
57,322,sequence,"akin ##esi ##a sequence . previously ,",I-DiseaseOrPhenotypicFeature,O,false_negative
58,2,mon,[CLS] pure mon ##oso ##my and,O,B-DiseaseOrPhenotypicFeature,false_positive
58,7,t,##my and pure t ##ris ##omy of,O,B-DiseaseOrPhenotypicFeature,false_positive
58,30,trans,##lial insertion ##al trans ##location : exclusion,O,I-DiseaseOrPhenotypicFeature,false_positive
58,186,mon,##otype of pure mon ##oso ##my included,O,B-DiseaseOrPhenotypicFeature,false_positive
58,231,d,by only minor d ##ys ##mor ##phism,B-DiseaseOrPhenotypicFeature,O,false_negative
58,367,mon,chromosome in the mon ##oso ##mic patient,O,B-DiseaseOrPhenotypicFeature,false_positive
58,381,deaf,au ##na ##1 deaf ##ness does not,B-DiseaseOrPhenotypicFeature,I-DiseaseOrPhenotypicFeature,boundary
58,395,mon,##ness associated with mon ##oso ##my 13,O,B-DiseaseOrPhenotypicFeature,false_positive
59,95,c,to result in c ##g ##l ##2,B-DiseaseOrPhenotypicFeature,B-GeneOrGeneProduct,wrong_type
59,244,ne,##ip ##ort ##al ne ##c ##rosis .,B-DiseaseOrPhenotypicFeature,I-DiseaseOrPhenotypicFeature,boundary
59,291,en,##mo ##graphy revealed en ##lar ##gement of,B-DiseaseOrPhenotypicFeature,O,false_negative
59,294,of,en ##lar ##gement of kidney ##s .,I-DiseaseOrPhenotypicFeature,O,false_negative
59,295,kidney,##lar ##gement of kidney ##s . he,I-DiseaseOrPhenotypicFeature,O,false_negative
60,144,formal,##l ) in formal ##in - fixed,B-ChemicalEntity,O,false_negative
60,149,para,- fixed and para ##ffin - embedded,B-ChemicalEntity,O,false_negative
61,10,mi,the d ##na mi ##sma ##tch repair,B-GeneOrGeneProduct,O,false_negative
61,13,repair,mi ##sma ##tch repair gene h ##ms,I-GeneOrGeneProduct,O,false_negative
61,54,initiation,in preventing cancer initiation and progression .,I-DiseaseOrPhenotypicFeature,O,false_negative
61,89,mi,the components of mi ##sma ##tch repair,B-GeneOrGeneProduct,O,false_negative
61,92,repair,mi ##sma ##tch repair ( mm ##r,I-GeneOrGeneProduct,O,false_negative
61,94,mm,##tch repair ( mm ##r ) genes,B-GeneOrGeneProduct,O,false_negative
61,129,mm,crucial proteins of mm ##r . we,B-GeneOrGeneProduct,O,false_negative
61,378,mm,". therefore , mm ##r may play",B-GeneOrGeneProduct,O,false_negative
62,27,anti,to assess the anti ##ox ##ida ##nt,B-ChemicalEntity,O,false_negative
63,228,co,. variants of co ##agu ##lation factors,O,B-GeneOrGeneProduct,false_positive
63,231,factors,co ##agu ##lation factors [ factor v,O,I-GeneOrGeneProduct,false_positive
63,235,169,[ factor v 169 ##1 ##g >,B-SequenceVariant,I-SequenceVariant,boundary
63,249,40,", factor v 40 ##70 ##a >",B-SequenceVariant,I-GeneOrGeneProduct,wrong_type
63,257,h,( factor v h ##r ##2 ha,O,I-GeneOrGeneProduct,false_positive
63,280,v,x ##ii ##i v ##al ##34 ##le,B-SequenceVariant,I-GeneOrGeneProduct,wrong_type
63,292,-,##bri ##no ##gen - 45 ##5 ##g,B-SequenceVariant,I-GeneOrGeneProduct,wrong_type
63,293,45,##no ##gen - 45 ##5 ##g >,I-SequenceVariant,I-GeneOrGeneProduct,wrong_type
63,310,co,"a ] , co ##agu ##lation inhibitor",O,B-GeneOrGeneProduct,false_positive
63,313,inhibitor,co ##agu ##lation inhibitor ##s [ tissue,O,I-GeneOrGeneProduct,false_positive
63,320,53,factor pathway inhibitor 53 ##6 ##c >,B-SequenceVariant,I-GeneOrGeneProduct,wrong_type
63,332,127,##mo ##du ##lin 127 ##g > a,B-SequenceVariant,I-GeneOrGeneProduct,wrong_type
63,351,intro,##in converting enzyme intro ##n 16 insertion,O,I-GeneOrGeneProduct,false_positive
63,353,16,enzyme intro ##n 16 insertion / del,O,I-GeneOrGeneProduct,false_positive
63,369,160,pro ##te ##ase 160 ##1 ##g >,B-SequenceVariant,I-GeneOrGeneProduct,wrong_type
63,375,f,> a ( f ##sa ##p ma,B-GeneOrGeneProduct,O,false_negative
63,393,-,##tor inhibitor 1 - 67 ##5 insertion,O,B-SequenceVariant,false_positive
63,394,67,inhibitor 1 - 67 ##5 insertion /,B-SequenceVariant,I-SequenceVariant,boundary
63,396,insertion,- 67 ##5 insertion / del ##eti,I-SequenceVariant,O,false_negative
63,397,/,67 ##5 insertion / del ##eti ##on,I-SequenceVariant,O,false_negative
63,398,del,##5 insertion / del ##eti ##on (,I-SequenceVariant,O,false_negative
63,417,intro,act ##iva ##tor intro ##n h del,O,I-GeneOrGeneProduct,false_positive
63,419,h,##tor intro ##n h del ##eti ##on,O,I-GeneOrGeneProduct,false_positive
63,462,",","/ e ##4 , g ##ly ##co",I-GeneOrGeneProduct,O,false_negative
63,463,g,"e ##4 , g ##ly ##co ##p",I-GeneOrGeneProduct,B-GeneOrGeneProduct,boundary
63,471,80,##in i ##a 80 ##7 ##c >,B-SequenceVariant,I-GeneOrGeneProduct,wrong_type
63,489,67,red ##uc ##tase 67 ##7 ##c >,B-SequenceVariant,I-GeneOrGeneProduct,wrong_type
63,509,80,##in i ##a 80 ##7 [SEP],B-SequenceVariant,I-GeneOrGeneProduct,wrong_type
64,75,b,in patients with b - cell ma,O,B-DiseaseOrPhenotypicFeature,false_positive
64,76,-,patients with b - cell ma ##li,O,I-DiseaseOrPhenotypicFeature,false_positive
64,77,cell,with b - cell ma ##li ##gna,O,I-DiseaseOrPhenotypicFeature,false_positive
64,78,ma,b - cell ma ##li ##gna ##ncies,B-DiseaseOrPhenotypicFeature,I-DiseaseOrPhenotypicFeature,boundary
65,132,drug,marked ##ly reduce drug - induced d,B-DiseaseOrPhenotypicFeature,O,false_negative
65,133,-,##ly reduce drug - induced d ##ys,I-DiseaseOrPhenotypicFeature,O,false_negative
65,134,induced,reduce drug - induced d ##ys ##kin,I-DiseaseOrPhenotypicFeature,O,false_negative
65,135,d,drug - induced d ##ys ##kin ##esi,I-DiseaseOrPhenotypicFeature,B-DiseaseOrPhenotypicFeature,boundary
66,27,chronic,##ma is a chronic inflammatory disease of,O,B-DiseaseOrPhenotypicFeature,false_positive
66,28,inflammatory,is a chronic inflammatory disease of the,B-DiseaseOrPhenotypicFeature,I-DiseaseOrPhenotypicFeature,boundary
66,30,of,chronic inflammatory disease of the air ##ways,O,I-DiseaseOrPhenotypicFeature,false_positive
66,32,air,disease of the air ##ways . several,O,I-DiseaseOrPhenotypicFeature,false_positive
66,359,ace,with the id ace g ##eno ##type,B-GeneOrGeneProduct,O,false_negative
66,368,drug,higher frequency of drug all ##er ##gies,B-DiseaseOrPhenotypicFeature,O,false_negative
67,245,x,"##4 ) , x ##eno ##biotic metabolism",O,B-ChemicalEntity,false_positive
67,455,immunity,marked ##ly suppressed immunity / inflammation -,O,B-DiseaseOrPhenotypicFeature,false_positive
68,19,miniature,##gna ##ncies . miniature chromosome maintenance (,B-GeneOrGeneProduct,O,false_negative
68,27,proteins,##c ##m ) proteins play critical roles,O,I-GeneOrGeneProduct,false_positive
68,51,m,one of the m ##c ##m proteins,B-GeneOrGeneProduct,O,false_negative
68,152,pro,non - transformed pro ##state e ##pit,O,B-DiseaseOrPhenotypicFeature,false_positive
68,202,severe,and mortality of severe combined im ##mu,O,B-DiseaseOrPhenotypicFeature,false_positive
68,203,combined,mortality of severe combined im ##mu ##no,O,I-DiseaseOrPhenotypicFeature,false_positive
68,204,im,of severe combined im ##mu ##no ##de,B-DiseaseOrPhenotypicFeature,I-DiseaseOrPhenotypicFeature,boundary
69,47,r,##in system ( r ##as ) may,O,B-GeneOrGeneProduct,false_positive
70,17,h,gene cause hereditary h ##y ##pop ##hos,I-DiseaseOrPhenotypicFeature,B-DiseaseOrPhenotypicFeature,boundary
70,310,substitution,to - a substitution at the last,O,I-SequenceVariant,false_positive
70,311,at,- a substitution at the last n,O,I-SequenceVariant,false_positive
71,189,-,mutations and line - 1 met ##hyl,O,I-GeneOrGeneProduct,false_positive
71,411,tumor,", stage , tumor grade , sign",B-DiseaseOrPhenotypicFeature,O,false_negative
71,426,line,"m ##si , line - 1 h",O,B-GeneOrGeneProduct,false_positive
71,427,-,"##si , line - 1 h ##y",O,I-GeneOrGeneProduct,false_positive
71,428,1,", line - 1 h ##y ##po",O,I-GeneOrGeneProduct,false_positive
72,1,culture,[CLS] culture ##d my ##cel,B-ChemicalEntity,O,false_negative
72,3,my,[CLS] culture ##d my ##cel ##ium cord,I-ChemicalEntity,B-OrganismTaxon,wrong_type
72,6,cord,my ##cel ##ium cord ##y ##ceps sin,I-ChemicalEntity,I-OrganismTaxon,wrong_type
72,23,acute,##al cells in acute liver injured mice,O,B-DiseaseOrPhenotypicFeature,false_positive
72,24,liver,cells in acute liver injured mice .,B-DiseaseOrPhenotypicFeature,I-DiseaseOrPhenotypicFeature,boundary
72,28,culture,injured mice . culture ##d my ##cel,B-ChemicalEntity,O,false_negative
72,30,my,. culture ##d my ##cel ##ium cord,I-ChemicalEntity,B-OrganismTaxon,wrong_type
72,39,cm,sin ##ensis ( cm ##cs ) was,B-ChemicalEntity,B-OrganismTaxon,wrong_type
72,64,cm,protective effects of cm ##cs on liver,B-ChemicalEntity,B-OrganismTaxon,wrong_type
72,83,acute,##cs ) in acute injury liver and,O,B-DiseaseOrPhenotypicFeature,false_positive
72,84,injury,) in acute injury liver and related,B-DiseaseOrPhenotypicFeature,I-DiseaseOrPhenotypicFeature,boundary
72,129,b,. 39 male b ##ab ##l /,B-CellLine,O,false_negative
72,339,as,##ani ##on ( as ##af ##r ),O,B-ChemicalEntity,false_positive
72,463,he,liver inflammation and he ##pa ##to ##cy,O,B-DiseaseOrPhenotypicFeature,false_positive
72,468,a,"##to ##cy ##te a ##pop ##tosis ,",O,I-DiseaseOrPhenotypicFeature,false_positive
72,486,as,"by the increased as ##af ##r ,",O,B-GeneOrGeneProduct,false_positive
72,491,oh,"##r , . oh and m ##da",I-ChemicalEntity,O,false_negative
73,190,h,##ele showed fewer h ##3 ##k ##27,O,B-GeneOrGeneProduct,false_positive
73,214,rode,ass ##ays in rode ##nt b -,O,B-OrganismTaxon,false_positive
73,221,83,cells ( rat 83 ##2 / 13,B-CellLine,I-CellLine,boundary
73,349,impaired,##5 expression and impaired insulin secret ##ion,B-DiseaseOrPhenotypicFeature,O,false_negative
73,350,insulin,expression and impaired insulin secret ##ion .,I-DiseaseOrPhenotypicFeature,B-GeneOrGeneProduct,wrong_type
73,351,secret,and impaired insulin secret ##ion . [SEP],I-DiseaseOrPhenotypicFeature,O,false_negative
74,92,multi,##lio ##blast ##oma multi ##form ##es at,O,I-DiseaseOrPhenotypicFeature,false_positive
74,315,tumor,cells display lower tumor ##ige ##nic ##ity,O,B-DiseaseOrPhenotypicFeature,false_positive
74,408,tumor,forming activity and tumor ##ige ##nic ##ity,O,B-DiseaseOrPhenotypicFeature,false_positive
75,9,infected,##emia in patients infected with he ##pa,B-DiseaseOrPhenotypicFeature,O,false_negative
75,10,with,in patients infected with he ##pa ##titis,I-DiseaseOrPhenotypicFeature,O,false_negative
75,11,he,patients infected with he ##pa ##titis c,I-DiseaseOrPhenotypicFeature,B-DiseaseOrPhenotypicFeature,boundary
75,17,chronic,c virus . chronic infection with he,B-DiseaseOrPhenotypicFeature,O,false_negative
75,19,with,. chronic infection with he ##pa ##titis,I-DiseaseOrPhenotypicFeature,O,false_negative
75,20,he,chronic infection with he ##pa ##titis c,I-DiseaseOrPhenotypicFeature,B-DiseaseOrPhenotypicFeature,boundary
75,26,h,c virus ( h ##c ##v ),B-OrganismTaxon,B-DiseaseOrPhenotypicFeature,wrong_type
75,67,p,combination therapy with p ##eg ##yla ##ted,B-GeneOrGeneProduct,B-ChemicalEntity,wrong_type
75,71,inter,##eg ##yla ##ted inter ##fer ##on and,I-GeneOrGeneProduct,I-ChemicalEntity,wrong_type
75,118,hem,an ##emia . hem ##og ##lo ##bin,B-GeneOrGeneProduct,B-ChemicalEntity,wrong_type
75,234,er,##ina ##nt human er ##yt ##hr ##op,B-GeneOrGeneProduct,I-GeneOrGeneProduct,boundary
75,305,chronic,in patients with chronic he ##pa ##titis,B-DiseaseOrPhenotypicFeature,O,false_negative
75,306,he,patients with chronic he ##pa ##titis c,I-DiseaseOrPhenotypicFeature,B-DiseaseOrPhenotypicFeature,boundary
76,38,connect,) is a connect ##ive tissue disorder,O,B-DiseaseOrPhenotypicFeature,false_positive
76,40,tissue,a connect ##ive tissue disorder characterized by,O,I-DiseaseOrPhenotypicFeature,false_positive
76,41,disorder,connect ##ive tissue disorder characterized by early,O,I-DiseaseOrPhenotypicFeature,false_positive
76,71,g,##me ##mb ##rane g ##ly ##co ##p,B-GeneOrGeneProduct,O,false_negative
76,110,6,integrity . a 6 - base insertion,B-SequenceVariant,O,false_negative
76,119,6,##n 7 ( 6 ##bin ##s ),B-SequenceVariant,O,false_negative
76,133,micro,be associated with micro ##vas ##cular disturbance,O,B-DiseaseOrPhenotypicFeature,false_positive
76,136,disturbance,micro ##vas ##cular disturbance . objectives :,O,I-DiseaseOrPhenotypicFeature,false_positive
76,148,6,the relationship between 6 ##bin ##s and,B-SequenceVariant,O,false_negative
76,154,com,and the vascular com ##plication pulmonary art,I-DiseaseOrPhenotypicFeature,O,false_negative
76,268,6,lower frequency of 6 ##bin ##s all,B-SequenceVariant,O,false_negative
76,383,6,carrying all ##ele 6 ##bin ##s were,B-SequenceVariant,O,false_negative
76,424,6,the frequency of 6 ##bin ##s differs,B-SequenceVariant,O,false_negative
77,117,t,"##mia , using t ##c ##9 ##9",O,B-ChemicalEntity,false_positive
77,122,-,##9 ##9 ##m - se ##sta ##mi,O,I-ChemicalEntity,false_positive
77,123,se,##9 ##m - se ##sta ##mi ##bi,O,B-ChemicalEntity,false_positive
77,210,per,the 40 patients per ##fusion defects compatible,O,B-DiseaseOrPhenotypicFeature,false_positive
77,212,defects,patients per ##fusion defects compatible with is,O,I-DiseaseOrPhenotypicFeature,false_positive
77,253,is,the non - is ##che ##mic group,O,B-DiseaseOrPhenotypicFeature,false_positive
78,122,[,##d ##k ##2 [ p ##33 ],I-GeneOrGeneProduct,O,false_negative
78,123,p,"##k ##2 [ p ##33 ] ,",I-GeneOrGeneProduct,B-GeneOrGeneProduct,boundary
78,125,],"[ p ##33 ] , c ##d",I-GeneOrGeneProduct,O,false_negative
78,161,",","[ p ##27 , k ##ip ##1",I-GeneOrGeneProduct,O,false_negative
78,162,k,"p ##27 , k ##ip ##1 ]",I-GeneOrGeneProduct,B-GeneOrGeneProduct,boundary
78,219,breast,diagnosed with invasive breast cancer participating in,I-DiseaseOrPhenotypicFeature,B-DiseaseOrPhenotypicFeature,boundary
78,236,cancer,risk factors in cancer here ##dit ##y,O,B-DiseaseOrPhenotypicFeature,false_positive
78,352,death,increased risk of death ( hazard ratio,B-DiseaseOrPhenotypicFeature,O,false_negative
79,124,meta,regulating invasion and meta ##sta ##sis of,B-DiseaseOrPhenotypicFeature,O,false_negative
79,127,of,meta ##sta ##sis of o ##var ##ian,I-DiseaseOrPhenotypicFeature,O,false_negative
79,128,o,##sta ##sis of o ##var ##ian cell,I-DiseaseOrPhenotypicFeature,B-DiseaseOrPhenotypicFeature,boundary
80,13,-,mice fed trans - fat ##s and,I-ChemicalEntity,O,false_negative
80,14,fat,fed trans - fat ##s and f,I-ChemicalEntity,B-ChemicalEntity,boundary
80,250,o,##an lifestyle induced o ##besity syndrome (,O,B-DiseaseOrPhenotypicFeature,false_positive
80,252,syndrome,induced o ##besity syndrome ( al ##ios,O,I-DiseaseOrPhenotypicFeature,false_positive
80,318,systemic,not protected from systemic metabolic disease .,O,B-DiseaseOrPhenotypicFeature,false_positive
80,319,metabolic,protected from systemic metabolic disease . evaluation,B-DiseaseOrPhenotypicFeature,I-DiseaseOrPhenotypicFeature,boundary
81,22,and,au ##tist ##ic and mentally re ##tar,O,I-DiseaseOrPhenotypicFeature,false_positive
81,23,mentally,##tist ##ic and mentally re ##tar ##ded,B-DiseaseOrPhenotypicFeature,I-DiseaseOrPhenotypicFeature,boundary
81,27,children,re ##tar ##ded children in j ##apa,O,I-DiseaseOrPhenotypicFeature,false_positive
81,131,or,au ##tist ##ic or mentally re ##tar,O,I-DiseaseOrPhenotypicFeature,false_positive
81,132,mentally,##tist ##ic or mentally re ##tar ##ded,B-DiseaseOrPhenotypicFeature,I-DiseaseOrPhenotypicFeature,boundary
81,273,and,cause of autism and mental re ##tar,O,I-DiseaseOrPhenotypicFeature,false_positive
82,176,drugs,"ben ##zam ##ide drugs , but the",I-ChemicalEntity,O,false_negative
82,206,crisis,h ##yper ##tensive crisis and am ##is,O,I-DiseaseOrPhenotypicFeature,false_positive
82,250,crisis,h ##yper ##tensive crisis in a patient,O,I-DiseaseOrPhenotypicFeature,false_positive
83,31,v,. background : v ##as ##op ##ress,O,B-ChemicalEntity,false_positive
83,183,stroke,", map , stroke volume ( s",B-DiseaseOrPhenotypicFeature,O,false_negative
85,27,adverse,frequently among the adverse card ##iovascular effects,B-DiseaseOrPhenotypicFeature,O,false_negative
85,28,card,among the adverse card ##iovascular effects of,I-DiseaseOrPhenotypicFeature,O,false_negative
85,30,effects,adverse card ##iovascular effects of lit ##hium,I-DiseaseOrPhenotypicFeature,O,false_negative
85,47,a,##ric ##ular ( a ##v ) block,I-DiseaseOrPhenotypicFeature,B-DiseaseOrPhenotypicFeature,boundary
85,107,disturbance,patients with mild disturbance of a ##v,O,B-DiseaseOrPhenotypicFeature,false_positive
85,108,of,with mild disturbance of a ##v conduct,O,I-DiseaseOrPhenotypicFeature,false_positive
85,109,a,mild disturbance of a ##v conduct ##ion,O,B-DiseaseOrPhenotypicFeature,false_positive
85,111,conduct,of a ##v conduct ##ion . [SEP],O,I-DiseaseOrPhenotypicFeature,false_positive
86,14,ne,and prevention of ne ##uro ##path ##ological,B-DiseaseOrPhenotypicFeature,O,false_negative
86,18,damages,##uro ##path ##ological damages . such organ,I-DiseaseOrPhenotypicFeature,O,false_negative
86,97,ache,##versible binding with ache ##s in the,B-GeneOrGeneProduct,B-ChemicalEntity,wrong_type
86,157,into,b ##w ) into ##xi ##cation was,O,B-DiseaseOrPhenotypicFeature,false_positive
86,232,(,") , a ( 1 ) -",I-GeneOrGeneProduct,I-ChemicalEntity,wrong_type
86,241,ago,##sin ##e receptor ago ##nist n (,O,I-GeneOrGeneProduct,false_positive
86,286,+,male ##ate ( + - m ##k,O,B-ChemicalEntity,false_positive
86,287,-,##ate ( + - m ##k ##80,O,I-ChemicalEntity,false_positive
86,288,m,( + - m ##k ##80 ##1,B-ChemicalEntity,I-ChemicalEntity,boundary
86,310,ch,their combinations with ch ##olin ##oly ##tic,O,B-ChemicalEntity,false_positive
86,363,oil,##line and olive oil instead of other,I-ChemicalEntity,O,false_negative
86,456,-,at ##rop ##ine - m ##k ##80,O,I-ChemicalEntity,false_positive
87,19,de,may contribute to de ##gene ##ration of,O,B-DiseaseOrPhenotypicFeature,false_positive
87,22,of,de ##gene ##ration of spinal motor neurons,O,I-DiseaseOrPhenotypicFeature,false_positive
87,24,motor,##ration of spinal motor neurons induced by,O,I-DiseaseOrPhenotypicFeature,false_positive
87,25,neurons,of spinal motor neurons induced by ne,O,I-DiseaseOrPhenotypicFeature,false_positive
87,54,de,relationship between the de ##gene ##ration of,O,B-DiseaseOrPhenotypicFeature,false_positive
87,57,of,de ##gene ##ration of spinal motor neurons,O,I-DiseaseOrPhenotypicFeature,false_positive
87,59,motor,##ration of spinal motor neurons and activation,O,I-DiseaseOrPhenotypicFeature,false_positive
87,60,neurons,of spinal motor neurons and activation of,O,I-DiseaseOrPhenotypicFeature,false_positive
87,75,nm,##par ##tate ( nm ##da ) receptors,I-GeneOrGeneProduct,B-GeneOrGeneProduct,boundary
87,371,alpha,dark - stained alpha - m ##oto,O,B-GeneOrGeneProduct,false_positive
87,372,-,- stained alpha - m ##oto ##ne,O,I-GeneOrGeneProduct,false_positive
87,373,m,stained alpha - m ##oto ##ne ##uron,O,I-GeneOrGeneProduct,false_positive
88,15,chronic,molecular layer of chronic e ##pile ##ptic,O,B-DiseaseOrPhenotypicFeature,false_positive
88,16,e,layer of chronic e ##pile ##ptic rats,B-DiseaseOrPhenotypicFeature,I-DiseaseOrPhenotypicFeature,boundary
89,55,ch,which enhance ##s ch ##olin ##ergic transmission,O,B-ChemicalEntity,false_positive
89,99,met,ad ) . met ##han ##olic extract,B-ChemicalEntity,O,false_negative
89,105,pu,extract ##s from pu ##era ##ria th,O,B-OrganismTaxon,false_positive
89,108,th,pu ##era ##ria th ##un ##berg ##iana,O,I-ChemicalEntity,false_positive
89,133,pu,##quential isolation of pu ##era ##ria th,O,B-OrganismTaxon,false_positive
89,136,th,pu ##era ##ria th ##un ##berg ##iana,O,I-ChemicalEntity,false_positive
89,182,pu,##ze ##in from pu ##era ##ria th,O,B-OrganismTaxon,false_positive
89,185,th,pu ##era ##ria th ##un ##berg ##iana,O,I-ChemicalEntity,false_positive
89,313,performance,protected from this performance imp ##air ##ment,O,B-DiseaseOrPhenotypicFeature,false_positive
89,314,imp,from this performance imp ##air ##ment (,O,I-DiseaseOrPhenotypicFeature,false_positive
90,36,do,) - induced do ##pa ##mine ##rg,B-ChemicalEntity,B-DiseaseOrPhenotypicFeature,wrong_type
90,41,ne,##mine ##rg ##ic ne ##uro ##to ##xi,B-DiseaseOrPhenotypicFeature,I-DiseaseOrPhenotypicFeature,boundary
91,6,re,##gio ##graphy in re ##nal ##ly impaired,O,B-DiseaseOrPhenotypicFeature,false_positive
91,9,impaired,re ##nal ##ly impaired patients ( care,O,I-DiseaseOrPhenotypicFeature,false_positive
91,24,contrast,blind trial of contrast - induced ne,B-ChemicalEntity,O,false_negative
91,59,contrast,##smo ##lal ##ity contrast medium i ##op,B-ChemicalEntity,O,false_negative
91,60,medium,##lal ##ity contrast medium i ##op ##ami,I-ChemicalEntity,O,false_negative
91,77,contrast,##smo ##lal ##ity contrast medium i ##od,B-ChemicalEntity,O,false_negative
91,78,medium,##lal ##ity contrast medium i ##od ##ix,I-ChemicalEntity,O,false_negative
91,167,s,##tin ##ine ( s ##c ##r ),B-ChemicalEntity,O,false_negative
91,203,s,post ##dos ##e s ##c ##r increase,B-ChemicalEntity,O,false_negative
91,238,s,post ##dos ##e s ##c ##r increase,B-ChemicalEntity,O,false_negative
91,274,s,peak change in s ##c ##r .,B-ChemicalEntity,O,false_negative
91,283,contrast,"##4 patients , contrast volume , presence",B-ChemicalEntity,O,false_negative
91,307,s,"mean base ##line s ##c ##r ,",B-ChemicalEntity,O,false_negative
91,387,s,whereas rates of s ##c ##r increases,B-ChemicalEntity,O,false_negative
91,421,s,"with diabetes , s ##c ##r increases",B-ChemicalEntity,O,false_negative
91,478,s,") , whereas s ##c ##r increases",B-ChemicalEntity,O,false_negative
91,510,s,mean post - s [SEP],B-ChemicalEntity,O,false_negative
92,19,hi,induced by the hi ##v pro ##te,B-GeneOrGeneProduct,O,false_negative
92,32,hi,. individuals with hi ##v can now,B-OrganismTaxon,B-DiseaseOrPhenotypicFeature,wrong_type
92,45,pro,that often includes pro ##te ##ase inhibitor,O,B-ChemicalEntity,false_positive
92,48,inhibitor,pro ##te ##ase inhibitor ##s such as,O,I-ChemicalEntity,false_positive
92,58,patients,"##vir . many patients , however ,",O,B-OrganismTaxon,false_positive
92,71,premature,effects such as premature at ##her ##os,B-DiseaseOrPhenotypicFeature,O,false_negative
92,72,at,such as premature at ##her ##os ##cle,I-DiseaseOrPhenotypicFeature,B-DiseaseOrPhenotypicFeature,boundary
92,166,hi,response to the hi ##v pro ##te,B-GeneOrGeneProduct,O,false_negative
92,282,l,of aggregate ##d l ##dl for 24,O,B-ChemicalEntity,false_positive
92,299,r,##id or total r ##na was isolated,O,B-ChemicalEntity,false_positive
92,337,s,expression of the s ##ca ##venge ##r,O,B-GeneOrGeneProduct,false_positive
92,341,receptor,"##ca ##venge ##r receptor , c ##d",O,I-GeneOrGeneProduct,false_positive
92,355,l,up ##take of l ##dl . additionally,O,B-ChemicalEntity,false_positive
93,178,h,. 5 % h ##yper ##bari ##c,O,B-ChemicalEntity,false_positive
93,237,oxygen,respiratory rate and oxygen sat ##uration were,B-ChemicalEntity,O,false_negative
93,390,oxygen,respiratory rate and oxygen sat ##uration ##s,B-ChemicalEntity,O,false_negative
93,448,oxygen,the art ##erial oxygen sat ##uration .,B-ChemicalEntity,O,false_negative
94,22,amino,##po ##cam ##pal amino acid ne ##uro,O,B-ChemicalEntity,false_positive
94,23,acid,##cam ##pal amino acid ne ##uro ##tra,O,I-ChemicalEntity,false_positive
94,67,amino,##po ##cam ##pal amino acid ne ##uro,O,B-ChemicalEntity,false_positive
94,68,acid,##cam ##pal amino acid ne ##uro ##tra,O,I-ChemicalEntity,false_positive
95,296,channels,interact with sodium channels may cause del,O,I-GeneOrGeneProduct,false_positive
96,105,5,sample size and 5 ##ht - related,B-ChemicalEntity,O,false_negative
96,242,depression,", be ##ck depression inventory , bar",O,B-DiseaseOrPhenotypicFeature,false_positive
96,287,p,the can and p ##d groups tended,O,B-ChemicalEntity,false_positive
96,294,deficit,to record greater deficit ##s than the,O,B-DiseaseOrPhenotypicFeature,false_positive
96,316,deficit,groups recorded greater deficit ##s than all,O,B-DiseaseOrPhenotypicFeature,false_positive
96,383,imp,"measures , increased imp ##air ##ment for",O,B-DiseaseOrPhenotypicFeature,false_positive
97,5,hem,comparison of severe hem ##ody ##nam ##ic,O,B-DiseaseOrPhenotypicFeature,false_positive
97,9,disturbance,##ody ##nam ##ic disturbance ##s between de,O,I-DiseaseOrPhenotypicFeature,false_positive
97,98,hem,prevalence of severe hem ##ody ##nam ##ic,O,B-DiseaseOrPhenotypicFeature,false_positive
97,102,effects,##ody ##nam ##ic effects in ne ##uro,O,I-DiseaseOrPhenotypicFeature,false_positive
98,125,h,##p ) induced h ##yper lo ##com,B-DiseaseOrPhenotypicFeature,O,false_negative
98,127,lo,"induced h ##yper lo ##com ##otion ,",I-DiseaseOrPhenotypicFeature,O,false_negative
98,171,cat,##c ) induced cat ##ale ##psy tests,B-DiseaseOrPhenotypicFeature,O,false_negative
98,241,h,##is test for h ##yper lo ##com,B-DiseaseOrPhenotypicFeature,O,false_negative
98,243,lo,"for h ##yper lo ##com ##otion ,",I-DiseaseOrPhenotypicFeature,O,false_negative
98,256,cat,for climbing and cat ##ale ##psy tests,B-DiseaseOrPhenotypicFeature,O,false_negative
98,352,cat,##l - induced cat ##ale ##psy test,B-DiseaseOrPhenotypicFeature,O,false_negative
98,433,ne,##hea displays typical ne ##uro ##le ##ptic,O,B-ChemicalEntity,false_positive
99,10,over,ca ##2 + over ##load causes a,O,I-DiseaseOrPhenotypicFeature,false_positive
99,27,map,through p ##38 map ##k signaling pathway,I-GeneOrGeneProduct,B-GeneOrGeneProduct,boundary
99,57,a,from herb ##al a ##con ##it ##um,O,B-ChemicalEntity,false_positive
99,67,voltage,evidence indicates that voltage - dependent na,O,B-GeneOrGeneProduct,false_positive
99,68,-,indicates that voltage - dependent na (,O,I-GeneOrGeneProduct,false_positive
99,69,dependent,that voltage - dependent na ( +,O,I-GeneOrGeneProduct,false_positive
99,70,na,voltage - dependent na ( + ),B-ChemicalEntity,I-ChemicalEntity,boundary
99,74,channels,( + ) channels have pivotal roles,O,I-GeneOrGeneProduct,false_positive
99,111,poisoning,##con ##iti ##ne poisoning . in this,B-DiseaseOrPhenotypicFeature,I-DiseaseOrPhenotypicFeature,boundary
99,135,poisoning,##con ##iti ##ne poisoning in v ##it,B-DiseaseOrPhenotypicFeature,I-DiseaseOrPhenotypicFeature,boundary
99,198,c,", we performed c ##yt ##oto ##xi",B-DiseaseOrPhenotypicFeature,O,false_negative
99,226,la,well as measured la ##ct ##ate de,B-GeneOrGeneProduct,B-ChemicalEntity,wrong_type
99,229,de,la ##ct ##ate de ##hy ##dr ##ogen,I-GeneOrGeneProduct,I-ChemicalEntity,wrong_type
99,310,terminal,##sco ##py and terminal de ##ox ##yn,O,B-GeneOrGeneProduct,false_positive
99,311,de,##py and terminal de ##ox ##yn ##uc,O,I-GeneOrGeneProduct,false_positive
99,319,transfer,##ti ##dy ##l transfer ##ase - mediated,O,I-GeneOrGeneProduct,false_positive
99,326,-,du ##t ##p - bio ##tin ni,O,I-ChemicalEntity,false_positive
99,327,bio,##t ##p - bio ##tin ni ##ck,B-ChemicalEntity,I-ChemicalEntity,boundary
99,378,over,2 + ) over ##load through the,O,I-DiseaseOrPhenotypicFeature,false_positive
99,491,over,2 + ) over ##load and causes,O,I-DiseaseOrPhenotypicFeature,false_positive
